start 2026-09-22 14:31:29: 1097 modules, 40 already built, cap 16 GiB
[41/1097] Taeyoung.Methods.RootedSOS.Atlas43Cores: 7.5s, 4.47 GiB, ok, total 0.00h
[42/1097] Taeyoung.Methods.RootedSOS.Atlas43GramWitnessData: 32.6s, 2.79 GiB, ok, total 0.01h
[43/1097] Taeyoung.Methods.RootedSOS.Atlas43CoefficientBase: 8.5s, 4.59 GiB, ok, total 0.01h
[44/1097] Taeyoung.Methods.RootedSOS.Atlas43CommonBlock0Row000: 12.2s, 6.23 GiB, ok, total 0.02h
[45/1097] Taeyoung.Methods.RootedSOS.Atlas43CommonBlock0Row001: 12.8s, 6.38 GiB, ok, total 0.02h
[46/1097] Taeyoung.Methods.RootedSOS.Atlas43CommonBlock0Row002: 13.4s, 6.57 GiB, ok, total 0.02h
[47/1097] Taeyoung.Methods.RootedSOS.Atlas43CommonBlock0Row003: 13.8s, 6.75 GiB, ok, total 0.03h
[48/1097] Taeyoung.Methods.RootedSOS.Atlas43CommonBlock0Row004: 14.9s, 6.91 GiB, ok, total 0.03h
[49/1097] Taeyoung.Methods.RootedSOS.Atlas43CommonBlock0Row005: 15.1s, 7.07 GiB, ok, total 0.04h
[50/1097] Taeyoung.Methods.RootedSOS.Atlas43CommonBlock0Row006: 15.9s, 7.23 GiB, ok, total 0.04h
[51/1097] Taeyoung.Methods.RootedSOS.Atlas43CommonBlock0Row007: 15.9s, 7.38 GiB, ok, total 0.05h
[52/1097] Taeyoung.Methods.RootedSOS.Atlas43CommonBlock0Row008: 17.2s, 7.57 GiB, ok, total 0.05h
[53/1097] Taeyoung.Methods.RootedSOS.Atlas43CommonBlock0Row009: 17.3s, 7.73 GiB, ok, total 0.06h
[54/1097] Taeyoung.Methods.RootedSOS.Atlas43CommonBlock0Row010: 17.5s, 7.89 GiB, ok, total 0.06h
[55/1097] Taeyoung.Methods.RootedSOS.Atlas43CommonBlock0Row011: 18.4s, 8.04 GiB, ok, total 0.07h
[56/1097] Taeyoung.Methods.RootedSOS.Atlas43CommonBlock0Row012: 18.4s, 8.17 GiB, ok, total 0.07h
[57/1097] Taeyoung.Methods.RootedSOS.Atlas43CommonBlock0Row013: 18.8s, 8.32 GiB, ok, total 0.08h
[58/1097] Taeyoung.Methods.RootedSOS.Atlas43CommonBlock0Row014: 19.2s, 8.44 GiB, ok, total 0.08h
[59/1097] Taeyoung.Methods.RootedSOS.Atlas43CommonBlock0Row015: 19.8s, 8.60 GiB, ok, total 0.09h
[60/1097] Taeyoung.Methods.RootedSOS.Atlas43CommonBlock0Row016: 20.2s, 8.73 GiB, ok, total 0.09h
[61/1097] Taeyoung.Methods.RootedSOS.Atlas43CommonBlock0Row017: 20.7s, 8.86 GiB, ok, total 0.10h
[62/1097] Taeyoung.Methods.RootedSOS.Atlas43CommonBlock0Row018: 21.0s, 8.97 GiB, ok, total 0.10h
[63/1097] Taeyoung.Methods.RootedSOS.Atlas43CommonBlock0Row019: 21.2s, 9.11 GiB, ok, total 0.11h
[64/1097] Taeyoung.Methods.RootedSOS.Atlas43CommonBlock0Row020: 21.7s, 9.23 GiB, ok, total 0.12h
[65/1097] Taeyoung.Methods.RootedSOS.Atlas43CommonBlock0Row021: 22.1s, 9.36 GiB, ok, total 0.12h
[66/1097] Taeyoung.Methods.RootedSOS.Atlas43CommonBlock0Row022: 22.5s, 9.48 GiB, ok, total 0.13h
[67/1097] Taeyoung.Methods.RootedSOS.Atlas43CommonBlock0Row023: 22.9s, 9.58 GiB, ok, total 0.13h
[68/1097] Taeyoung.Methods.RootedSOS.Atlas43CommonBlock0Row024: 23.1s, 9.69 GiB, ok, total 0.14h
[69/1097] Taeyoung.Methods.RootedSOS.Atlas43CommonBlock0Row025: 23.5s, 9.80 GiB, ok, total 0.15h
[70/1097] Taeyoung.Methods.RootedSOS.Atlas43CommonBlock0Row026: 24.0s, 9.92 GiB, ok, total 0.15h
[71/1097] Taeyoung.Methods.RootedSOS.Atlas43CommonBlock0Row027: 24.4s, 10.01 GiB, ok, total 0.16h
[72/1097] Taeyoung.Methods.RootedSOS.Atlas43CommonBlock0Row028: 25.6s, 10.10 GiB, ok, total 0.17h
[73/1097] Taeyoung.Methods.RootedSOS.Atlas43CommonBlock0Row029: 25.6s, 10.23 GiB, ok, total 0.18h
[74/1097] Taeyoung.Methods.RootedSOS.Atlas43CommonBlock0Row030: 25.2s, 10.32 GiB, ok, total 0.18h
[75/1097] Taeyoung.Methods.RootedSOS.Atlas43CommonBlock0Row031: 25.6s, 10.41 GiB, ok, total 0.19h
[76/1097] Taeyoung.Methods.RootedSOS.Atlas43CommonBlock0Row032: 26.0s, 10.52 GiB, ok, total 0.20h
[77/1097] Taeyoung.Methods.RootedSOS.Atlas43CommonBlock0Row033: 26.2s, 10.60 GiB, ok, total 0.20h
[78/1097] Taeyoung.Methods.RootedSOS.Atlas43CommonBlock0Row034: 27.5s, 10.75 GiB, ok, total 0.21h
[79/1097] Taeyoung.Methods.RootedSOS.Atlas43CommonBlock0Row035: 27.7s, 10.81 GiB, ok, total 0.22h
[80/1097] Taeyoung.Methods.RootedSOS.Atlas43CommonBlock0Row036: 28.7s, 10.90 GiB, ok, total 0.23h
[81/1097] Taeyoung.Methods.RootedSOS.Atlas43CommonBlock0Row037: 29.1s, 10.99 GiB, ok, total 0.24h
[82/1097] Taeyoung.Methods.RootedSOS.Atlas43CommonBlock0Row038: 29.5s, 11.05 GiB, ok, total 0.24h
[83/1097] Taeyoung.Methods.RootedSOS.Atlas43CommonBlock0Row039: 29.8s, 11.15 GiB, ok, total 0.25h
[84/1097] Taeyoung.Methods.RootedSOS.Atlas43CommonBlock0Row040: 30.2s, 11.22 GiB, ok, total 0.26h
[85/1097] Taeyoung.Methods.RootedSOS.Atlas43CommonBlock0Row041: 29.1s, 11.31 GiB, ok, total 0.27h
[86/1097] Taeyoung.Methods.RootedSOS.Atlas43CommonBlock0Row042: 29.1s, 11.37 GiB, ok, total 0.28h
[87/1097] Taeyoung.Methods.RootedSOS.Atlas43CommonBlock0Row043: 29.3s, 11.44 GiB, ok, total 0.29h
[88/1097] Taeyoung.Methods.RootedSOS.Atlas43CommonBlock0Row044: 29.8s, 11.50 GiB, ok, total 0.29h
[89/1097] Taeyoung.Methods.RootedSOS.Atlas43CommonBlock0Row045: 30.2s, 11.56 GiB, ok, total 0.30h
[90/1097] Taeyoung.Methods.RootedSOS.Atlas43CommonBlock0Row046: 30.4s, 11.62 GiB, ok, total 0.31h
[91/1097] Taeyoung.Methods.RootedSOS.Atlas43CommonBlock0Row047: 30.1s, 11.69 GiB, ok, total 0.32h
[92/1097] Taeyoung.Methods.RootedSOS.Atlas43CommonBlock0Row048: 30.8s, 11.75 GiB, ok, total 0.33h
[93/1097] Taeyoung.Methods.RootedSOS.Atlas43CommonBlock0Row049: 31.0s, 11.81 GiB, ok, total 0.34h
[94/1097] Taeyoung.Methods.RootedSOS.Atlas43CommonBlock0Row050: 31.0s, 11.87 GiB, ok, total 0.34h
[95/1097] Taeyoung.Methods.RootedSOS.Atlas43CommonBlock0Row051: 31.0s, 11.94 GiB, ok, total 0.35h
[96/1097] Taeyoung.Methods.RootedSOS.Atlas43CommonBlock0Row052: 31.2s, 12.00 GiB, ok, total 0.36h
[97/1097] Taeyoung.Methods.RootedSOS.Atlas43CommonBlock0Row053: 31.4s, 12.06 GiB, ok, total 0.37h
[98/1097] Taeyoung.Methods.RootedSOS.Atlas43CommonBlock0Row054: 31.4s, 12.09 GiB, ok, total 0.38h
[99/1097] Taeyoung.Methods.RootedSOS.Atlas43CommonBlock0Row055: 31.6s, 12.12 GiB, ok, total 0.39h
[100/1097] Taeyoung.Methods.RootedSOS.Atlas43CommonBlock0Row056: 30.7s, 12.19 GiB, ok, total 0.40h
[101/1097] Taeyoung.Methods.RootedSOS.Atlas43CommonBlock0Row057: 30.9s, 12.25 GiB, ok, total 0.41h
[102/1097] Taeyoung.Methods.RootedSOS.Atlas43CommonBlock0Row058: 30.9s, 12.27 GiB, ok, total 0.41h
[103/1097] Taeyoung.Methods.RootedSOS.Atlas43CommonBlock0Row059: 33.0s, 12.34 GiB, ok, total 0.42h
[104/1097] Taeyoung.Methods.RootedSOS.Atlas43CommonBlock0Row060: 32.8s, 12.37 GiB, ok, total 0.43h
[105/1097] Taeyoung.Methods.RootedSOS.Atlas43CommonBlock0Row061: 32.8s, 12.41 GiB, ok, total 0.44h
[106/1097] Taeyoung.Methods.RootedSOS.Atlas43CommonBlock0Row062: 33.0s, 12.47 GiB, ok, total 0.45h
[107/1097] Taeyoung.Methods.RootedSOS.Atlas43CommonBlock0Row063: 33.7s, 12.49 GiB, ok, total 0.46h
[108/1097] Taeyoung.Methods.RootedSOS.Atlas43CommonBlock0Row064: 33.2s, 12.53 GiB, ok, total 0.47h
[109/1097] Taeyoung.Methods.RootedSOS.Atlas43CommonBlock0Row065: 33.7s, 12.56 GiB, ok, total 0.48h
[110/1097] Taeyoung.Methods.RootedSOS.Atlas43CommonBlock0Row066: 33.2s, 12.59 GiB, ok, total 0.49h
[111/1097] Taeyoung.Methods.RootedSOS.Atlas43CommonBlock0Row067: 33.2s, 12.65 GiB, ok, total 0.50h
[112/1097] Taeyoung.Methods.RootedSOS.Atlas43CommonBlock0Row068: 31.9s, 12.69 GiB, ok, total 0.51h
[113/1097] Taeyoung.Methods.RootedSOS.Atlas43CommonBlock0Row069: 32.4s, 12.69 GiB, ok, total 0.52h
[114/1097] Taeyoung.Methods.RootedSOS.Atlas43CommonBlock0Row070: 32.6s, 12.75 GiB, ok, total 0.52h
[115/1097] Taeyoung.Methods.RootedSOS.Atlas43CommonBlock0Row071: 32.3s, 12.78 GiB, ok, total 0.53h
[116/1097] Taeyoung.Methods.RootedSOS.Atlas43CommonBlock0Row072: 32.5s, 12.78 GiB, ok, total 0.54h
[117/1097] Taeyoung.Methods.RootedSOS.Atlas43CommonBlock0Row073: 33.6s, 12.81 GiB, ok, total 0.55h
[118/1097] Taeyoung.Methods.RootedSOS.Atlas43CommonBlock0Row074: 32.8s, 12.84 GiB, ok, total 0.56h
[119/1097] Taeyoung.Methods.RootedSOS.Atlas43CommonBlock0Row075: 32.7s, 12.88 GiB, ok, total 0.57h
[120/1097] Taeyoung.Methods.RootedSOS.Atlas43CommonBlock0Row076: 34.0s, 12.91 GiB, ok, total 0.58h
[121/1097] Taeyoung.Methods.RootedSOS.Atlas43CommonBlock0Row077: 33.8s, 12.94 GiB, ok, total 0.59h
[122/1097] Taeyoung.Methods.RootedSOS.Atlas43CommonBlock0Row078: 32.8s, 12.93 GiB, ok, total 0.60h
[123/1097] Taeyoung.Methods.RootedSOS.Atlas43CommonBlock0Row079: 33.4s, 12.97 GiB, ok, total 0.61h
[124/1097] Taeyoung.Methods.RootedSOS.Atlas43CommonBlock0Row080: 33.4s, 12.99 GiB, ok, total 0.62h
[125/1097] Taeyoung.Methods.RootedSOS.Atlas43CommonBlock0Row081: 33.4s, 13.00 GiB, ok, total 0.63h
[126/1097] Taeyoung.Methods.RootedSOS.Atlas43CommonBlock0Row082: 34.0s, 13.03 GiB, ok, total 0.64h
[127/1097] Taeyoung.Methods.RootedSOS.Atlas43CommonBlock0Row083: 34.7s, 13.06 GiB, ok, total 0.64h
[128/1097] Taeyoung.Methods.RootedSOS.Atlas43CommonBlock0Row084: 33.8s, 13.06 GiB, ok, total 0.65h
[129/1097] Taeyoung.Methods.RootedSOS.Atlas43CommonBlock0Row085: 33.4s, 13.09 GiB, ok, total 0.66h
[130/1097] Taeyoung.Methods.RootedSOS.Atlas43CommonBlock0Row086: 33.6s, 13.10 GiB, ok, total 0.67h
[131/1097] Taeyoung.Methods.RootedSOS.Atlas43CommonBlock0Row087: 33.4s, 13.13 GiB, ok, total 0.68h
[132/1097] Taeyoung.Methods.RootedSOS.Atlas43CommonBlock0Row088: 33.8s, 13.15 GiB, ok, total 0.69h
[133/1097] Taeyoung.Methods.RootedSOS.Atlas43CommonBlock0Row089: 33.8s, 13.15 GiB, ok, total 0.70h
[134/1097] Taeyoung.Methods.RootedSOS.Atlas43CommonBlock0Row090: 34.6s, 13.19 GiB, ok, total 0.71h
[135/1097] Taeyoung.Methods.RootedSOS.Atlas43CommonBlock0Row091: 35.5s, 13.19 GiB, ok, total 0.72h
[136/1097] Taeyoung.Methods.RootedSOS.Atlas43CommonBlock0Row092: 37.5s, 13.22 GiB, ok, total 0.73h
[137/1097] Taeyoung.Methods.RootedSOS.Atlas43CommonBlock0Row093: 36.6s, 13.22 GiB, ok, total 0.74h
[138/1097] Taeyoung.Methods.RootedSOS.Atlas43CommonBlock0Row094: 36.3s, 13.22 GiB, ok, total 0.75h
[139/1097] Taeyoung.Methods.RootedSOS.Atlas43CommonBlock0Row095: 36.8s, 13.24 GiB, ok, total 0.76h
[140/1097] Taeyoung.Methods.RootedSOS.Atlas43CommonBlock0Row096: 35.3s, 13.24 GiB, ok, total 0.77h
[141/1097] Taeyoung.Methods.RootedSOS.Atlas43CommonBlock0Row097: 36.6s, 13.28 GiB, ok, total 0.78h
[142/1097] Taeyoung.Methods.RootedSOS.Atlas43CommonBlock0Row098: 35.7s, 13.28 GiB, ok, total 0.79h
[143/1097] Taeyoung.Methods.RootedSOS.Atlas43CommonBlock0Row099: 35.7s, 13.31 GiB, ok, total 0.80h
[144/1097] Taeyoung.Methods.RootedSOS.Atlas43CommonBlock0Row100: 34.6s, 13.31 GiB, ok, total 0.81h
[145/1097] Taeyoung.Methods.RootedSOS.Atlas43CommonBlock0Row101: 35.7s, 13.31 GiB, ok, total 0.82h
[146/1097] Taeyoung.Methods.RootedSOS.Atlas43CommonBlock0Row102: 35.0s, 13.35 GiB, ok, total 0.83h
[147/1097] Taeyoung.Methods.RootedSOS.Atlas43CommonBlock0Row103: 34.7s, 13.34 GiB, ok, total 0.84h
[148/1097] Taeyoung.Methods.RootedSOS.Atlas43CommonBlock0Row104: 34.8s, 13.38 GiB, ok, total 0.85h
[149/1097] Taeyoung.Methods.RootedSOS.Atlas43CommonBlock0Row105: 35.0s, 13.37 GiB, ok, total 0.86h
[150/1097] Taeyoung.Methods.RootedSOS.Atlas43CommonBlock0Row106: 35.3s, 13.38 GiB, ok, total 0.87h
[151/1097] Taeyoung.Methods.RootedSOS.Atlas43CommonBlock0Row107: 10.5s, 5.78 GiB, ok, total 0.87h
[152/1097] Taeyoung.Methods.RootedSOS.Atlas43CommonBlock0Row108: 10.5s, 5.78 GiB, ok, total 0.88h
[153/1097] Taeyoung.Methods.RootedSOS.Atlas43CommonBlock0Row109: 10.8s, 5.78 GiB, ok, total 0.88h
[154/1097] Taeyoung.Methods.RootedSOS.Atlas43CommonBlock0Row110: 10.5s, 5.78 GiB, ok, total 0.88h
[155/1097] Taeyoung.Methods.RootedSOS.Atlas43CommonBlock0Row111: 10.5s, 5.78 GiB, ok, total 0.88h
[156/1097] Taeyoung.Methods.RootedSOS.Atlas43CommonBlock0Row112: 10.5s, 5.78 GiB, ok, total 0.89h
[157/1097] Taeyoung.Methods.RootedSOS.Atlas43CommonBlock0Row113: 10.5s, 5.82 GiB, ok, total 0.89h
[158/1097] Taeyoung.Methods.RootedSOS.Atlas43CommonBlock0Row114: 10.5s, 5.81 GiB, ok, total 0.89h
[159/1097] Taeyoung.Methods.RootedSOS.Atlas43CommonBlock0Row115: 11.6s, 5.81 GiB, ok, total 0.90h
[160/1097] Taeyoung.Methods.RootedSOS.Atlas43CommonBlock0Row116: 11.2s, 5.81 GiB, ok, total 0.90h
[161/1097] Taeyoung.Methods.RootedSOS.Atlas43CommonBlock0Row117: 11.0s, 5.81 GiB, ok, total 0.90h
[162/1097] Taeyoung.Methods.RootedSOS.Atlas43CommonBlock0Row118: 10.8s, 5.82 GiB, ok, total 0.91h
[163/1097] Taeyoung.Methods.RootedSOS.Atlas43CommonBlock0Row119: 10.7s, 5.82 GiB, ok, total 0.91h
[164/1097] Taeyoung.Methods.RootedSOS.Atlas43CommonBlock0Row120: 10.5s, 5.82 GiB, ok, total 0.91h
[165/1097] Taeyoung.Methods.RootedSOS.Atlas43CommonBlock0Row121: 10.8s, 5.85 GiB, ok, total 0.92h
[166/1097] Taeyoung.Methods.RootedSOS.Atlas43CommonBlock0Row122: 10.8s, 5.85 GiB, ok, total 0.92h
[167/1097] Taeyoung.Methods.RootedSOS.Atlas43CommonBlock0Row123: 10.7s, 5.84 GiB, ok, total 0.92h
[168/1097] Taeyoung.Methods.RootedSOS.Atlas43CommonBlock0Row124: 10.7s, 5.85 GiB, ok, total 0.92h
[169/1097] Taeyoung.Methods.RootedSOS.Atlas43CommonBlock0Row125: 10.7s, 5.84 GiB, ok, total 0.93h
[170/1097] Taeyoung.Methods.RootedSOS.Atlas43CommonBlock0Row126: 10.7s, 5.84 GiB, ok, total 0.93h
[171/1097] Taeyoung.Methods.RootedSOS.Atlas43CommonBlock0Row127: 10.5s, 5.84 GiB, ok, total 0.93h
[172/1097] Taeyoung.Methods.RootedSOS.Atlas43CommonBlock1Row000: 22.3s, 9.32 GiB, ok, total 0.94h
[173/1097] Taeyoung.Methods.RootedSOS.Atlas43CommonBlock1Row001: 23.0s, 9.38 GiB, ok, total 0.95h
[174/1097] Taeyoung.Methods.RootedSOS.Atlas43CommonBlock1Row002: 22.5s, 9.41 GiB, ok, total 0.95h
[175/1097] Taeyoung.Methods.RootedSOS.Atlas43CommonBlock1Row003: 22.3s, 9.45 GiB, ok, total 0.96h
[176/1097] Taeyoung.Methods.RootedSOS.Atlas43CommonBlock1Row004: 22.3s, 9.48 GiB, ok, total 0.96h
[177/1097] Taeyoung.Methods.RootedSOS.Atlas43CommonBlock1Row005: 22.1s, 9.51 GiB, ok, total 0.97h
[178/1097] Taeyoung.Methods.RootedSOS.Atlas43CommonBlock1Row006: 22.3s, 9.54 GiB, ok, total 0.98h
[179/1097] Taeyoung.Methods.RootedSOS.Atlas43CommonBlock1Row007: 22.3s, 9.57 GiB, ok, total 0.98h
[180/1097] Taeyoung.Methods.RootedSOS.Atlas43CommonBlock1Row008: 22.3s, 9.60 GiB, ok, total 0.99h
[181/1097] Taeyoung.Methods.RootedSOS.Atlas43CommonBlock1Row009: 22.7s, 9.61 GiB, ok, total 1.00h
[182/1097] Taeyoung.Methods.RootedSOS.Atlas43CommonBlock1Row010: 23.6s, 9.64 GiB, ok, total 1.00h
[183/1097] Taeyoung.Methods.RootedSOS.Atlas43CommonBlock1Row011: 23.6s, 9.66 GiB, ok, total 1.01h
[184/1097] Taeyoung.Methods.RootedSOS.Atlas43CommonBlock1Row012: 24.0s, 9.70 GiB, ok, total 1.02h
[185/1097] Taeyoung.Methods.RootedSOS.Atlas43CommonBlock1Row013: 24.0s, 9.70 GiB, ok, total 1.02h
[186/1097] Taeyoung.Methods.RootedSOS.Atlas43CommonBlock1Row014: 24.0s, 9.73 GiB, ok, total 1.03h
[187/1097] Taeyoung.Methods.RootedSOS.Atlas43CommonBlock1Row015: 24.2s, 9.76 GiB, ok, total 1.04h
[188/1097] Taeyoung.Methods.RootedSOS.Atlas43CommonBlock1Row016: 24.0s, 9.76 GiB, ok, total 1.04h
[189/1097] Taeyoung.Methods.RootedSOS.Atlas43CommonBlock1Row017: 24.4s, 9.79 GiB, ok, total 1.05h
[190/1097] Taeyoung.Methods.RootedSOS.Atlas43CommonBlock1Row018: 28.5s, 9.82 GiB, ok, total 1.06h
[191/1097] Taeyoung.Methods.RootedSOS.Atlas43CommonBlock1Row019: 28.5s, 9.82 GiB, ok, total 1.07h
[192/1097] Taeyoung.Methods.RootedSOS.Atlas43CommonBlock1Row020: 28.3s, 9.85 GiB, ok, total 1.07h
[193/1097] Taeyoung.Methods.RootedSOS.Atlas43CommonBlock1Row021: 26.3s, 9.86 GiB, ok, total 1.08h
[194/1097] Taeyoung.Methods.RootedSOS.Atlas43CommonBlock1Row022: 25.5s, 9.86 GiB, ok, total 1.09h
[195/1097] Taeyoung.Methods.RootedSOS.Atlas43CommonBlock1Row023: 24.4s, 9.88 GiB, ok, total 1.09h
[196/1097] Taeyoung.Methods.RootedSOS.Atlas43CommonBlock1Row024: 24.8s, 9.89 GiB, ok, total 1.10h
[197/1097] Taeyoung.Methods.RootedSOS.Atlas43CommonBlock1Row025: 24.4s, 9.92 GiB, ok, total 1.11h
[198/1097] Taeyoung.Methods.RootedSOS.Atlas43CommonBlock1Row026: 23.8s, 9.92 GiB, ok, total 1.11h
[199/1097] Taeyoung.Methods.RootedSOS.Atlas43CommonBlock1Row027: 23.8s, 9.92 GiB, ok, total 1.12h
[200/1097] Taeyoung.Methods.RootedSOS.Atlas43CommonBlock1Row028: 24.0s, 9.95 GiB, ok, total 1.13h
[201/1097] Taeyoung.Methods.RootedSOS.Atlas43CommonBlock1Row029: 24.0s, 9.95 GiB, ok, total 1.13h
[202/1097] Taeyoung.Methods.RootedSOS.Atlas43CommonBlock1Row030: 24.0s, 9.95 GiB, ok, total 1.14h
[203/1097] Taeyoung.Methods.RootedSOS.Atlas43CommonBlock1Row031: 24.0s, 9.98 GiB, ok, total 1.15h
[204/1097] Taeyoung.Methods.RootedSOS.Atlas43CommonBlock1Row032: 25.7s, 9.98 GiB, ok, total 1.16h
[205/1097] Taeyoung.Methods.RootedSOS.Atlas43CommonBlock1Row033: 24.8s, 9.98 GiB, ok, total 1.16h
[206/1097] Taeyoung.Methods.RootedSOS.Atlas43CommonBlock1Row034: 24.6s, 9.98 GiB, ok, total 1.17h
[207/1097] Taeyoung.Methods.RootedSOS.Atlas43CommonBlock1Row035: 25.2s, 10.01 GiB, ok, total 1.18h
[208/1097] Taeyoung.Methods.RootedSOS.Atlas43CommonBlock1Row036: 25.9s, 10.01 GiB, ok, total 1.18h
[209/1097] Taeyoung.Methods.RootedSOS.Atlas43CommonBlock1Row037: 25.2s, 10.01 GiB, ok, total 1.19h
[210/1097] Taeyoung.Methods.RootedSOS.Atlas43CommonBlock1Row038: 25.9s, 10.01 GiB, ok, total 1.20h
[211/1097] Taeyoung.Methods.RootedSOS.Atlas43CommonBlock1Row039: 27.4s, 10.04 GiB, ok, total 1.21h
[212/1097] Taeyoung.Methods.RootedSOS.Atlas43CommonBlock1Row040: 28.0s, 10.04 GiB, ok, total 1.21h
[213/1097] Taeyoung.Methods.RootedSOS.Atlas43CommonBlock1Row041: 27.6s, 10.04 GiB, ok, total 1.22h
[214/1097] Taeyoung.Methods.RootedSOS.Atlas43CommonBlock1Row042: 27.6s, 10.03 GiB, ok, total 1.23h
[215/1097] Taeyoung.Methods.RootedSOS.Atlas43CommonBlock1Row043: 26.1s, 10.04 GiB, ok, total 1.24h
[216/1097] Taeyoung.Methods.RootedSOS.Atlas43CommonBlock1Row044: 25.7s, 10.07 GiB, ok, total 1.24h
[217/1097] Taeyoung.Methods.RootedSOS.Atlas43CommonBlock1Row045: 24.6s, 10.07 GiB, ok, total 1.25h
[218/1097] Taeyoung.Methods.RootedSOS.Atlas43CommonBlock1Row046: 27.0s, 10.08 GiB, ok, total 1.26h
[219/1097] Taeyoung.Methods.RootedSOS.Atlas43CommonBlock1Row047: 27.8s, 10.06 GiB, ok, total 1.27h
[220/1097] Taeyoung.Methods.RootedSOS.Atlas43CommonBlock1Row048: 8.3s, 4.83 GiB, ok, total 1.27h
[221/1097] Taeyoung.Methods.RootedSOS.Atlas43CommonBlock1Row049: 7.9s, 4.84 GiB, ok, total 1.27h
[222/1097] Taeyoung.Methods.RootedSOS.Atlas43CommonBlock1Row050: 8.1s, 4.84 GiB, ok, total 1.27h
[223/1097] Taeyoung.Methods.RootedSOS.Atlas43CommonBlock1Row051: 7.9s, 4.84 GiB, ok, total 1.27h
[224/1097] Taeyoung.Methods.RootedSOS.Atlas43CommonBlock1Row052: 7.9s, 4.84 GiB, ok, total 1.28h
[225/1097] Taeyoung.Methods.RootedSOS.Atlas43CommonBlock1Row053: 8.1s, 4.84 GiB, ok, total 1.28h
[226/1097] Taeyoung.Methods.RootedSOS.Atlas43CommonBlock1Row054: 7.8s, 4.84 GiB, ok, total 1.28h
[227/1097] Taeyoung.Methods.RootedSOS.Atlas43CommonBlock1Row055: 7.9s, 4.84 GiB, ok, total 1.28h
[228/1097] Taeyoung.Methods.RootedSOS.Atlas43CommonBlock1Row056: 7.9s, 4.84 GiB, ok, total 1.29h
[229/1097] Taeyoung.Methods.RootedSOS.Atlas43CommonBlock1Row057: 7.7s, 4.87 GiB, ok, total 1.29h
[230/1097] Taeyoung.Methods.RootedSOS.Atlas43CommonBlock1Row058: 7.8s, 4.87 GiB, ok, total 1.29h
[231/1097] Taeyoung.Methods.RootedSOS.Atlas43CommonBlock1Row059: 8.7s, 4.87 GiB, ok, total 1.29h
[232/1097] Taeyoung.Methods.RootedSOS.Atlas43CommonBlock1Row060: 8.1s, 4.87 GiB, ok, total 1.29h
[233/1097] Taeyoung.Methods.RootedSOS.Atlas43CommonBlock1Row061: 7.9s, 4.87 GiB, ok, total 1.30h
[234/1097] Taeyoung.Methods.RootedSOS.Atlas43CommonBlock1Row062: 7.8s, 4.87 GiB, ok, total 1.30h
[235/1097] Taeyoung.Methods.RootedSOS.Atlas43CommonBlock1Row063: 7.8s, 4.87 GiB, ok, total 1.30h
[236/1097] Taeyoung.Methods.RootedSOS.Atlas43CommonGramChecks: 10.7s, 5.31 GiB, ok, total 1.30h
[237/1097] Taeyoung.Methods.RootedSOS.Atlas43CommonGramExact: 9.7s, 4.66 GiB, ok, total 1.31h
[238/1097] Taeyoung.Methods.RootedSOS.Atlas43RawGroupWitnessData: 7.0s, 2.17 GiB, ok, total 1.31h
[239/1097] Taeyoung.Methods.RootedSOS.Atlas43RawGroupCellBase: 7.2s, 4.59 GiB, ok, total 1.31h
[240/1097] Taeyoung.Methods.RootedSOS.Atlas43ScaledCorrection0Row000: 8.5s, 5.03 GiB, ok, total 1.31h
[241/1097] Taeyoung.Methods.RootedSOS.Atlas43ScaledCorrection0Row001: 9.1s, 5.19 GiB, ok, total 1.32h
[242/1097] Taeyoung.Methods.RootedSOS.Atlas43ScaledCorrection0Row002: 9.7s, 5.38 GiB, ok, total 1.32h
[243/1097] Taeyoung.Methods.RootedSOS.Atlas43ScaledCorrection0Row003: 10.3s, 5.53 GiB, ok, total 1.32h
[244/1097] Taeyoung.Methods.RootedSOS.Atlas43ScaledCorrection0Row004: 10.8s, 5.69 GiB, ok, total 1.32h
[245/1097] Taeyoung.Methods.RootedSOS.Atlas43ScaledCorrection0Row005: 10.7s, 5.85 GiB, ok, total 1.33h
[246/1097] Taeyoung.Methods.RootedSOS.Atlas43ScaledCorrection0Row006: 11.5s, 6.03 GiB, ok, total 1.33h
[247/1097] Taeyoung.Methods.RootedSOS.Atlas43ScaledCorrection0Row007: 11.8s, 6.19 GiB, ok, total 1.33h
[248/1097] Taeyoung.Methods.RootedSOS.Atlas43ScaledCorrection0Row008: 12.6s, 6.35 GiB, ok, total 1.34h
[249/1097] Taeyoung.Methods.RootedSOS.Atlas43ScaledCorrection0Row009: 12.8s, 6.47 GiB, ok, total 1.34h
[250/1097] Taeyoung.Methods.RootedSOS.Atlas43ScaledCorrection0Row010: 13.4s, 6.63 GiB, ok, total 1.34h
[251/1097] Taeyoung.Methods.RootedSOS.Atlas43ScaledCorrection0Row011: 13.8s, 6.76 GiB, ok, total 1.35h
[252/1097] Taeyoung.Methods.RootedSOS.Atlas43ScaledCorrection0Row012: 14.0s, 6.91 GiB, ok, total 1.35h
[253/1097] Taeyoung.Methods.RootedSOS.Atlas43ScaledCorrection0Row013: 14.7s, 7.03 GiB, ok, total 1.36h
[254/1097] Taeyoung.Methods.RootedSOS.Atlas43ScaledCorrection0Row014: 15.9s, 7.19 GiB, ok, total 1.36h
[255/1097] Taeyoung.Methods.RootedSOS.Atlas43ScaledCorrection0Row015: 16.3s, 7.32 GiB, ok, total 1.37h
[256/1097] Taeyoung.Methods.RootedSOS.Atlas43ScaledCorrection0Row016: 17.0s, 7.44 GiB, ok, total 1.37h
[257/1097] Taeyoung.Methods.RootedSOS.Atlas43ScaledCorrection0Row017: 17.6s, 7.60 GiB, ok, total 1.38h
[258/1097] Taeyoung.Methods.RootedSOS.Atlas43ScaledCorrection0Row018: 18.4s, 7.72 GiB, ok, total 1.38h
[259/1097] Taeyoung.Methods.RootedSOS.Atlas43ScaledCorrection0Row019: 18.4s, 7.82 GiB, ok, total 1.39h
[260/1097] Taeyoung.Methods.RootedSOS.Atlas43ScaledCorrection0Row020: 18.2s, 7.94 GiB, ok, total 1.39h
[261/1097] Taeyoung.Methods.RootedSOS.Atlas43ScaledCorrection0Row021: 18.6s, 8.07 GiB, ok, total 1.40h
[262/1097] Taeyoung.Methods.RootedSOS.Atlas43ScaledCorrection0Row022: 19.0s, 8.16 GiB, ok, total 1.40h
[263/1097] Taeyoung.Methods.RootedSOS.Atlas43ScaledCorrection0Row023: 19.4s, 8.29 GiB, ok, total 1.41h
[264/1097] Taeyoung.Methods.RootedSOS.Atlas43ScaledCorrection0Row024: 19.6s, 8.38 GiB, ok, total 1.41h
[265/1097] Taeyoung.Methods.RootedSOS.Atlas43ScaledCorrection0Row025: 20.1s, 8.51 GiB, ok, total 1.42h
[266/1097] Taeyoung.Methods.RootedSOS.Atlas43ScaledCorrection0Row026: 20.7s, 8.60 GiB, ok, total 1.42h
[267/1097] Taeyoung.Methods.RootedSOS.Atlas43ScaledCorrection0Row027: 20.9s, 8.70 GiB, ok, total 1.43h
[268/1097] Taeyoung.Methods.RootedSOS.Atlas43ScaledCorrection0Row028: 20.9s, 8.79 GiB, ok, total 1.44h
[269/1097] Taeyoung.Methods.RootedSOS.Atlas43ScaledCorrection0Row029: 21.5s, 8.88 GiB, ok, total 1.44h
[270/1097] Taeyoung.Methods.RootedSOS.Atlas43ScaledCorrection0Row030: 22.8s, 8.98 GiB, ok, total 1.45h
[271/1097] Taeyoung.Methods.RootedSOS.Atlas43ScaledCorrection0Row031: 22.5s, 9.07 GiB, ok, total 1.45h
[272/1097] Taeyoung.Methods.RootedSOS.Atlas43ScaledCorrection0Row032: 22.5s, 9.16 GiB, ok, total 1.46h
[273/1097] Taeyoung.Methods.RootedSOS.Atlas43ScaledCorrection0Row033: 22.8s, 9.23 GiB, ok, total 1.47h
[274/1097] Taeyoung.Methods.RootedSOS.Atlas43ScaledCorrection0Row034: 24.7s, 9.32 GiB, ok, total 1.47h
[275/1097] Taeyoung.Methods.RootedSOS.Atlas43ScaledCorrection0Row035: 31.2s, 9.41 GiB, ok, total 1.48h
[276/1097] Taeyoung.Methods.RootedSOS.Atlas43ScaledCorrection0Row036: 36.6s, 9.48 GiB, ok, total 1.49h
[277/1097] Taeyoung.Methods.RootedSOS.Atlas43ScaledCorrection0Row037: 36.7s, 9.57 GiB, ok, total 1.50h
[278/1097] Taeyoung.Methods.RootedSOS.Atlas43ScaledCorrection0Row038: 36.4s, 9.64 GiB, ok, total 1.51h
[279/1097] Taeyoung.Methods.RootedSOS.Atlas43ScaledCorrection0Row039: 38.0s, 9.70 GiB, ok, total 1.52h
[280/1097] Taeyoung.Methods.RootedSOS.Atlas43ScaledCorrection0Row040: 38.4s, 9.76 GiB, ok, total 1.53h
[281/1097] Taeyoung.Methods.RootedSOS.Atlas43ScaledCorrection0Row041: 32.9s, 9.85 GiB, ok, total 1.54h
[282/1097] Taeyoung.Methods.RootedSOS.Atlas43ScaledCorrection0Row042: 24.6s, 9.92 GiB, ok, total 1.55h
[283/1097] Taeyoung.Methods.RootedSOS.Atlas43ScaledCorrection0Row043: 24.8s, 9.98 GiB, ok, total 1.56h
[284/1097] Taeyoung.Methods.RootedSOS.Atlas43ScaledCorrection0Row044: 25.2s, 10.04 GiB, ok, total 1.56h
[285/1097] Taeyoung.Methods.RootedSOS.Atlas43ScaledCorrection0Row045: 25.4s, 10.08 GiB, ok, total 1.57h
[286/1097] Taeyoung.Methods.RootedSOS.Atlas43ScaledCorrection0Row046: 25.6s, 10.17 GiB, ok, total 1.58h
[287/1097] Taeyoung.Methods.RootedSOS.Atlas43ScaledCorrection0Row047: 25.8s, 10.22 GiB, ok, total 1.59h
[288/1097] Taeyoung.Methods.RootedSOS.Atlas43ScaledCorrection0Row048: 26.0s, 10.26 GiB, ok, total 1.59h
[289/1097] Taeyoung.Methods.RootedSOS.Atlas43ScaledCorrection0Row049: 26.2s, 10.32 GiB, ok, total 1.60h
[290/1097] Taeyoung.Methods.RootedSOS.Atlas43ScaledCorrection0Row050: 25.8s, 10.36 GiB, ok, total 1.61h
[291/1097] Taeyoung.Methods.RootedSOS.Atlas43ScaledCorrection0Row051: 26.0s, 10.42 GiB, ok, total 1.61h
[292/1097] Taeyoung.Methods.RootedSOS.Atlas43ScaledCorrection0Row052: 26.4s, 10.48 GiB, ok, total 1.62h
[293/1097] Taeyoung.Methods.RootedSOS.Atlas43ScaledCorrection0Row053: 26.4s, 10.51 GiB, ok, total 1.63h
[294/1097] Taeyoung.Methods.RootedSOS.Atlas43ScaledCorrection0Row054: 26.6s, 10.54 GiB, ok, total 1.64h
[295/1097] Taeyoung.Methods.RootedSOS.Atlas43ScaledCorrection0Row055: 26.6s, 10.61 GiB, ok, total 1.64h
[296/1097] Taeyoung.Methods.RootedSOS.Atlas43ScaledCorrection0Row056: 26.9s, 10.64 GiB, ok, total 1.65h
[297/1097] Taeyoung.Methods.RootedSOS.Atlas43ScaledCorrection0Row057: 26.8s, 10.67 GiB, ok, total 1.66h
[298/1097] Taeyoung.Methods.RootedSOS.Atlas43ScaledCorrection0Row058: 27.0s, 10.73 GiB, ok, total 1.67h
[299/1097] Taeyoung.Methods.RootedSOS.Atlas43ScaledCorrection0Row059: 28.3s, 10.84 GiB, ok, total 1.67h
[300/1097] Taeyoung.Methods.RootedSOS.Atlas43ScaledCorrection0Row060: 29.1s, 10.84 GiB, ok, total 1.68h
[301/1097] Taeyoung.Methods.RootedSOS.Atlas43ScaledCorrection0Row061: 29.2s, 10.86 GiB, ok, total 1.69h
[302/1097] Taeyoung.Methods.RootedSOS.Atlas43ScaledCorrection0Row062: 28.5s, 10.90 GiB, ok, total 1.70h
[303/1097] Taeyoung.Methods.RootedSOS.Atlas43ScaledCorrection0Row063: 28.5s, 10.93 GiB, ok, total 1.71h
[304/1097] Taeyoung.Methods.RootedSOS.Atlas43ScaledCorrection0Row064: 30.4s, 10.96 GiB, ok, total 1.72h
[305/1097] Taeyoung.Methods.RootedSOS.Atlas43ScaledCorrection0Row065: 29.8s, 10.99 GiB, ok, total 1.72h
[306/1097] Taeyoung.Methods.RootedSOS.Atlas43ScaledCorrection0Row066: 29.8s, 11.02 GiB, ok, total 1.73h
[307/1097] Taeyoung.Methods.RootedSOS.Atlas43ScaledCorrection0Row067: 29.3s, 11.03 GiB, ok, total 1.74h
[308/1097] Taeyoung.Methods.RootedSOS.Atlas43ScaledCorrection0Row068: 30.0s, 11.05 GiB, ok, total 1.75h
[309/1097] Taeyoung.Methods.RootedSOS.Atlas43ScaledCorrection0Row069: 30.2s, 11.09 GiB, ok, total 1.76h
[310/1097] Taeyoung.Methods.RootedSOS.Atlas43ScaledCorrection0Row070: 30.6s, 11.11 GiB, ok, total 1.77h
[311/1097] Taeyoung.Methods.RootedSOS.Atlas43ScaledCorrection0Row071: 30.4s, 11.12 GiB, ok, total 1.77h
[312/1097] Taeyoung.Methods.RootedSOS.Atlas43ScaledCorrection0Row072: 30.8s, 11.14 GiB, ok, total 1.78h
[313/1097] Taeyoung.Methods.RootedSOS.Atlas43ScaledCorrection0Row073: 30.6s, 11.18 GiB, ok, total 1.79h
[314/1097] Taeyoung.Methods.RootedSOS.Atlas43ScaledCorrection0Row074: 29.8s, 11.18 GiB, ok, total 1.80h
[315/1097] Taeyoung.Methods.RootedSOS.Atlas43ScaledCorrection0Row075: 29.5s, 11.21 GiB, ok, total 1.81h
[316/1097] Taeyoung.Methods.RootedSOS.Atlas43ScaledCorrection0Row076: 31.3s, 11.21 GiB, ok, total 1.82h
[317/1097] Taeyoung.Methods.RootedSOS.Atlas43ScaledCorrection0Row077: 30.8s, 11.24 GiB, ok, total 1.82h
[318/1097] Taeyoung.Methods.RootedSOS.Atlas43ScaledCorrection0Row078: 30.4s, 11.24 GiB, ok, total 1.83h
[319/1097] Taeyoung.Methods.RootedSOS.Atlas43ScaledCorrection0Row079: 29.8s, 11.27 GiB, ok, total 1.84h
[320/1097] Taeyoung.Methods.RootedSOS.Atlas43ScaledCorrection0Row080: 30.0s, 11.28 GiB, ok, total 1.85h
[321/1097] Taeyoung.Methods.RootedSOS.Atlas43ScaledCorrection0Row081: 30.0s, 11.28 GiB, ok, total 1.86h
[322/1097] Taeyoung.Methods.RootedSOS.Atlas43ScaledCorrection0Row082: 30.0s, 11.30 GiB, ok, total 1.87h
[323/1097] Taeyoung.Methods.RootedSOS.Atlas43ScaledCorrection0Row083: 31.3s, 11.30 GiB, ok, total 1.88h
[324/1097] Taeyoung.Methods.RootedSOS.Atlas43ScaledCorrection0Row084: 30.2s, 11.30 GiB, ok, total 1.88h
[325/1097] Taeyoung.Methods.RootedSOS.Atlas43ScaledCorrection0Row085: 30.0s, 11.33 GiB, ok, total 1.89h
[326/1097] Taeyoung.Methods.RootedSOS.Atlas43ScaledCorrection0Row086: 31.3s, 11.34 GiB, ok, total 1.90h
[327/1097] Taeyoung.Methods.RootedSOS.Atlas43ScaledCorrection0Row087: 31.1s, 11.34 GiB, ok, total 1.91h
[328/1097] Taeyoung.Methods.RootedSOS.Atlas43ScaledCorrection0Row088: 31.0s, 11.33 GiB, ok, total 1.92h
[329/1097] Taeyoung.Methods.RootedSOS.Atlas43ScaledCorrection0Row089: 30.8s, 11.37 GiB, ok, total 1.93h
[330/1097] Taeyoung.Methods.RootedSOS.Atlas43ScaledCorrection0Row090: 30.9s, 11.37 GiB, ok, total 1.94h
[331/1097] Taeyoung.Methods.RootedSOS.Atlas43ScaledCorrection0Row091: 31.0s, 11.36 GiB, ok, total 1.94h
[332/1097] Taeyoung.Methods.RootedSOS.Atlas43ScaledCorrection0Row092: 31.0s, 11.37 GiB, ok, total 1.95h
[333/1097] Taeyoung.Methods.RootedSOS.Atlas43ScaledCorrection0Row093: 31.0s, 11.37 GiB, ok, total 1.96h
[334/1097] Taeyoung.Methods.RootedSOS.Atlas43ScaledCorrection0Row094: 32.1s, 11.37 GiB, ok, total 1.97h
[335/1097] Taeyoung.Methods.RootedSOS.Atlas43ScaledCorrection0Row095: 31.2s, 11.36 GiB, ok, total 1.98h
[336/1097] Taeyoung.Methods.RootedSOS.Atlas43ScaledCorrection0Row096: 32.3s, 11.39 GiB, ok, total 1.99h
[337/1097] Taeyoung.Methods.RootedSOS.Atlas43ScaledCorrection0Row097: 31.0s, 11.40 GiB, ok, total 2.00h
[338/1097] Taeyoung.Methods.RootedSOS.Atlas43ScaledCorrection0Row098: 31.0s, 11.39 GiB, ok, total 2.01h
[339/1097] Taeyoung.Methods.RootedSOS.Atlas43ScaledCorrection0Row099: 30.6s, 11.39 GiB, ok, total 2.01h
[340/1097] Taeyoung.Methods.RootedSOS.Atlas43ScaledCorrection0Row100: 30.8s, 11.40 GiB, ok, total 2.02h
[341/1097] Taeyoung.Methods.RootedSOS.Atlas43ScaledCorrection0Row101: 31.0s, 11.40 GiB, ok, total 2.03h
[342/1097] Taeyoung.Methods.RootedSOS.Atlas43ScaledCorrection0Row102: 30.6s, 11.40 GiB, ok, total 2.04h
[343/1097] Taeyoung.Methods.RootedSOS.Atlas43ScaledCorrection0Row103: 30.4s, 11.39 GiB, ok, total 2.05h
[344/1097] Taeyoung.Methods.RootedSOS.Atlas43ScaledCorrection0Row104: 31.2s, 11.40 GiB, ok, total 2.06h
[345/1097] Taeyoung.Methods.RootedSOS.Atlas43ScaledCorrection0Row105: 30.0s, 11.40 GiB, ok, total 2.07h
[346/1097] Taeyoung.Methods.RootedSOS.Atlas43ScaledCorrection0Row106: 30.0s, 11.40 GiB, ok, total 2.07h
[347/1097] Taeyoung.Methods.RootedSOS.Atlas43ScaledCorrection1Row000: 21.3s, 9.07 GiB, ok, total 2.08h
[348/1097] Taeyoung.Methods.RootedSOS.Atlas43ScaledCorrection1Row001: 21.5s, 9.10 GiB, ok, total 2.09h
[349/1097] Taeyoung.Methods.RootedSOS.Atlas43ScaledCorrection1Row002: 21.5s, 9.13 GiB, ok, total 2.09h
[350/1097] Taeyoung.Methods.RootedSOS.Atlas43ScaledCorrection1Row003: 21.7s, 9.17 GiB, ok, total 2.10h
[351/1097] Taeyoung.Methods.RootedSOS.Atlas43ScaledCorrection1Row004: 21.7s, 9.19 GiB, ok, total 2.10h
[352/1097] Taeyoung.Methods.RootedSOS.Atlas43ScaledCorrection1Row005: 21.9s, 9.23 GiB, ok, total 2.11h
[353/1097] Taeyoung.Methods.RootedSOS.Atlas43ScaledCorrection1Row006: 21.7s, 9.23 GiB, ok, total 2.12h
[354/1097] Taeyoung.Methods.RootedSOS.Atlas43ScaledCorrection1Row007: 21.9s, 9.26 GiB, ok, total 2.12h
[355/1097] Taeyoung.Methods.RootedSOS.Atlas43ScaledCorrection1Row008: 21.9s, 9.29 GiB, ok, total 2.13h
[356/1097] Taeyoung.Methods.RootedSOS.Atlas43ScaledCorrection1Row009: 21.9s, 9.32 GiB, ok, total 2.13h
[357/1097] Taeyoung.Methods.RootedSOS.Atlas43ScaledCorrection1Row010: 21.9s, 9.35 GiB, ok, total 2.14h
[358/1097] Taeyoung.Methods.RootedSOS.Atlas43ScaledCorrection1Row011: 22.1s, 9.35 GiB, ok, total 2.15h
[359/1097] Taeyoung.Methods.RootedSOS.Atlas43ScaledCorrection1Row012: 22.1s, 9.38 GiB, ok, total 2.15h
[360/1097] Taeyoung.Methods.RootedSOS.Atlas43ScaledCorrection1Row013: 22.7s, 9.38 GiB, ok, total 2.16h
[361/1097] Taeyoung.Methods.RootedSOS.Atlas43ScaledCorrection1Row014: 22.5s, 9.41 GiB, ok, total 2.17h
[362/1097] Taeyoung.Methods.RootedSOS.Atlas43ScaledCorrection1Row015: 22.7s, 9.45 GiB, ok, total 2.17h
[363/1097] Taeyoung.Methods.RootedSOS.Atlas43ScaledCorrection1Row016: 23.8s, 9.44 GiB, ok, total 2.18h
[364/1097] Taeyoung.Methods.RootedSOS.Atlas43ScaledCorrection1Row017: 22.9s, 9.48 GiB, ok, total 2.18h
[365/1097] Taeyoung.Methods.RootedSOS.Atlas43ScaledCorrection1Row018: 22.7s, 9.48 GiB, ok, total 2.19h
[366/1097] Taeyoung.Methods.RootedSOS.Atlas43ScaledCorrection1Row019: 22.7s, 9.48 GiB, ok, total 2.20h
[367/1097] Taeyoung.Methods.RootedSOS.Atlas43ScaledCorrection1Row020: 24.0s, 9.51 GiB, ok, total 2.20h
[368/1097] Taeyoung.Methods.RootedSOS.Atlas43ScaledCorrection1Row021: 23.8s, 9.51 GiB, ok, total 2.21h
[369/1097] Taeyoung.Methods.RootedSOS.Atlas43ScaledCorrection1Row022: 23.6s, 9.54 GiB, ok, total 2.22h
[370/1097] Taeyoung.Methods.RootedSOS.Atlas43ScaledCorrection1Row023: 24.0s, 9.54 GiB, ok, total 2.22h
[371/1097] Taeyoung.Methods.RootedSOS.Atlas43ScaledCorrection1Row024: 23.8s, 9.54 GiB, ok, total 2.23h
[372/1097] Taeyoung.Methods.RootedSOS.Atlas43ScaledCorrection1Row025: 23.8s, 9.54 GiB, ok, total 2.24h
[373/1097] Taeyoung.Methods.RootedSOS.Atlas43ScaledCorrection1Row026: 24.0s, 9.57 GiB, ok, total 2.24h
[374/1097] Taeyoung.Methods.RootedSOS.Atlas43ScaledCorrection1Row027: 23.6s, 9.57 GiB, ok, total 2.25h
[375/1097] Taeyoung.Methods.RootedSOS.Atlas43ScaledCorrection1Row028: 24.4s, 9.57 GiB, ok, total 2.26h
[376/1097] Taeyoung.Methods.RootedSOS.Atlas43ScaledCorrection1Row029: 24.2s, 9.57 GiB, ok, total 2.26h
[377/1097] Taeyoung.Methods.RootedSOS.Atlas43ScaledCorrection1Row030: 25.5s, 9.60 GiB, ok, total 2.27h
[378/1097] Taeyoung.Methods.RootedSOS.Atlas43ScaledCorrection1Row031: 25.5s, 9.60 GiB, ok, total 2.28h
[379/1097] Taeyoung.Methods.RootedSOS.Atlas43ScaledCorrection1Row032: 26.4s, 9.60 GiB, ok, total 2.29h
[380/1097] Taeyoung.Methods.RootedSOS.Atlas43ScaledCorrection1Row033: 23.8s, 9.60 GiB, ok, total 2.29h
[381/1097] Taeyoung.Methods.RootedSOS.Atlas43ScaledCorrection1Row034: 23.6s, 9.60 GiB, ok, total 2.30h
[382/1097] Taeyoung.Methods.RootedSOS.Atlas43ScaledCorrection1Row035: 25.1s, 9.60 GiB, ok, total 2.31h
[383/1097] Taeyoung.Methods.RootedSOS.Atlas43ScaledCorrection1Row036: 25.1s, 9.60 GiB, ok, total 2.31h
[384/1097] Taeyoung.Methods.RootedSOS.Atlas43ScaledCorrection1Row037: 24.2s, 9.60 GiB, ok, total 2.32h
[385/1097] Taeyoung.Methods.RootedSOS.Atlas43ScaledCorrection1Row038: 23.8s, 9.60 GiB, ok, total 2.33h
[386/1097] Taeyoung.Methods.RootedSOS.Atlas43ScaledCorrection1Row039: 24.7s, 9.60 GiB, ok, total 2.33h
[387/1097] Taeyoung.Methods.RootedSOS.Atlas43ScaledCorrection1Row040: 24.2s, 9.63 GiB, ok, total 2.34h
[388/1097] Taeyoung.Methods.RootedSOS.Atlas43ScaledCorrection1Row041: 24.9s, 9.64 GiB, ok, total 2.35h
[389/1097] Taeyoung.Methods.RootedSOS.Atlas43ScaledCorrection1Row042: 23.1s, 9.63 GiB, ok, total 2.35h
[390/1097] Taeyoung.Methods.RootedSOS.Atlas43ScaledCorrection1Row043: 23.1s, 9.63 GiB, ok, total 2.36h
[391/1097] Taeyoung.Methods.RootedSOS.Atlas43ScaledCorrection1Row044: 23.1s, 9.64 GiB, ok, total 2.37h
[392/1097] Taeyoung.Methods.RootedSOS.Atlas43ScaledCorrection1Row045: 23.1s, 9.64 GiB, ok, total 2.37h
[393/1097] Taeyoung.Methods.RootedSOS.Atlas43ScaledCorrection1Row046: 23.2s, 9.63 GiB, ok, total 2.38h
[394/1097] Taeyoung.Methods.RootedSOS.Atlas43ScaledCorrection1Row047: 22.9s, 9.63 GiB, ok, total 2.39h
[395/1097] Taeyoung.Methods.RootedSOS.Atlas43ScaledCorrectionChecks: 7.4s, 4.63 GiB, ok, total 2.39h
[396/1097] Taeyoung.Methods.RootedSOS.Atlas43ExceptionalPairWeight0_00_0: 16.9s, 7.41 GiB, ok, total 2.39h
[397/1097] Taeyoung.Methods.RootedSOS.Atlas43ExceptionalPairWeight0_00_1: 17.8s, 7.69 GiB, ok, total 2.40h
[398/1097] Taeyoung.Methods.RootedSOS.Atlas43ExceptionalPairWeight0_00_2: 17.4s, 7.60 GiB, ok, total 2.40h
[399/1097] Taeyoung.Methods.RootedSOS.Atlas43ExceptionalPairWeight0_01_0: 16.7s, 7.41 GiB, ok, total 2.41h
[400/1097] Taeyoung.Methods.RootedSOS.Atlas43ExceptionalPairWeight0_01_1: 17.5s, 7.69 GiB, ok, total 2.41h
[401/1097] Taeyoung.Methods.RootedSOS.Atlas43ExceptionalPairWeight0_01_2: 17.6s, 7.60 GiB, ok, total 2.42h
[402/1097] Taeyoung.Methods.RootedSOS.Atlas43ExceptionalPairWeight0_02_0: 16.7s, 7.44 GiB, ok, total 2.42h
[403/1097] Taeyoung.Methods.RootedSOS.Atlas43ExceptionalPairWeight0_02_1: 17.8s, 7.69 GiB, ok, total 2.43h
[404/1097] Taeyoung.Methods.RootedSOS.Atlas43ExceptionalPairWeight0_02_2: 17.6s, 7.63 GiB, ok, total 2.43h
[405/1097] Taeyoung.Methods.RootedSOS.Atlas43ExceptionalPairWeight0_03_0: 16.9s, 7.44 GiB, ok, total 2.44h
[406/1097] Taeyoung.Methods.RootedSOS.Atlas43ExceptionalPairWeight0_03_1: 17.8s, 7.72 GiB, ok, total 2.44h
[407/1097] Taeyoung.Methods.RootedSOS.Atlas43ExceptionalPairWeight0_03_2: 18.4s, 7.63 GiB, ok, total 2.45h
[408/1097] Taeyoung.Methods.RootedSOS.Atlas43ExceptionalPairWeight0_04_0: 17.6s, 7.47 GiB, ok, total 2.45h
[409/1097] Taeyoung.Methods.RootedSOS.Atlas43ExceptionalPairWeight0_04_1: 18.6s, 7.82 GiB, ok, total 2.46h
[410/1097] Taeyoung.Methods.RootedSOS.Atlas43ExceptionalPairWeight0_04_2: 18.2s, 7.66 GiB, ok, total 2.46h
[411/1097] Taeyoung.Methods.RootedSOS.Atlas43ExceptionalPairWeight0_05_0: 17.0s, 7.47 GiB, ok, total 2.47h
[412/1097] Taeyoung.Methods.RootedSOS.Atlas43ExceptionalPairWeight0_05_1: 18.2s, 7.82 GiB, ok, total 2.47h
[413/1097] Taeyoung.Methods.RootedSOS.Atlas43ExceptionalPairWeight0_05_2: 18.2s, 7.66 GiB, ok, total 2.48h
[414/1097] Taeyoung.Methods.RootedSOS.Atlas43ExceptionalPairWeight0_06_0: 16.9s, 7.47 GiB, ok, total 2.48h
[415/1097] Taeyoung.Methods.RootedSOS.Atlas43ExceptionalPairWeight0_06_1: 18.2s, 7.85 GiB, ok, total 2.49h
[416/1097] Taeyoung.Methods.RootedSOS.Atlas43ExceptionalPairWeight0_06_2: 17.8s, 7.69 GiB, ok, total 2.49h
[417/1097] Taeyoung.Methods.RootedSOS.Atlas43ExceptionalPairWeight0_07_0: 16.7s, 7.47 GiB, ok, total 2.50h
[418/1097] Taeyoung.Methods.RootedSOS.Atlas43ExceptionalPairWeight0_07_1: 18.4s, 7.85 GiB, ok, total 2.50h
[419/1097] Taeyoung.Methods.RootedSOS.Atlas43ExceptionalPairWeight0_07_2: 17.8s, 7.69 GiB, ok, total 2.51h
[420/1097] Taeyoung.Methods.RootedSOS.Atlas43ExceptionalPairWeight0_08_0: 16.8s, 7.47 GiB, ok, total 2.51h
[421/1097] Taeyoung.Methods.RootedSOS.Atlas43ExceptionalPairWeight0_08_1: 18.2s, 7.88 GiB, ok, total 2.52h
[422/1097] Taeyoung.Methods.RootedSOS.Atlas43ExceptionalPairWeight0_08_2: 17.8s, 7.69 GiB, ok, total 2.52h
[423/1097] Taeyoung.Methods.RootedSOS.Atlas43ExceptionalPairWeight0_09_0: 16.9s, 7.53 GiB, ok, total 2.53h
[424/1097] Taeyoung.Methods.RootedSOS.Atlas43ExceptionalPairWeight0_09_1: 18.4s, 7.97 GiB, ok, total 2.53h
[425/1097] Taeyoung.Methods.RootedSOS.Atlas43ExceptionalPairWeight0_09_2: 17.8s, 7.76 GiB, ok, total 2.54h
[426/1097] Taeyoung.Methods.RootedSOS.Atlas43ExceptionalPairWeight0_10_0: 16.9s, 7.56 GiB, ok, total 2.54h
[427/1097] Taeyoung.Methods.RootedSOS.Atlas43ExceptionalPairWeight0_10_1: 18.4s, 8.00 GiB, ok, total 2.55h
[428/1097] Taeyoung.Methods.RootedSOS.Atlas43ExceptionalPairWeight0_10_2: 17.8s, 7.75 GiB, ok, total 2.55h
[429/1097] Taeyoung.Methods.RootedSOS.Atlas43ExceptionalPairWeight0_11_0: 17.2s, 7.57 GiB, ok, total 2.55h
[430/1097] Taeyoung.Methods.RootedSOS.Atlas43ExceptionalPairWeight0_11_1: 18.4s, 8.00 GiB, ok, total 2.56h
[431/1097] Taeyoung.Methods.RootedSOS.Atlas43ExceptionalPairWeight0_11_2: 17.8s, 7.75 GiB, ok, total 2.57h
[432/1097] Taeyoung.Methods.RootedSOS.Atlas43ExceptionalPairWeight0_12_0: 16.9s, 7.56 GiB, ok, total 2.57h
[433/1097] Taeyoung.Methods.RootedSOS.Atlas43ExceptionalPairWeight0_12_1: 18.6s, 8.04 GiB, ok, total 2.57h
[434/1097] Taeyoung.Methods.RootedSOS.Atlas43ExceptionalPairWeight0_12_2: 18.0s, 7.78 GiB, ok, total 2.58h
[435/1097] Taeyoung.Methods.RootedSOS.Atlas43ExceptionalPairWeight0_13_0: 16.9s, 7.57 GiB, ok, total 2.58h
[436/1097] Taeyoung.Methods.RootedSOS.Atlas43ExceptionalPairWeight0_13_1: 19.0s, 8.03 GiB, ok, total 2.59h
[437/1097] Taeyoung.Methods.RootedSOS.Atlas43ExceptionalPairWeight0_13_2: 19.0s, 7.78 GiB, ok, total 2.60h
[438/1097] Taeyoung.Methods.RootedSOS.Atlas43ExceptionalPairWeight0_14_0: 16.9s, 7.59 GiB, ok, total 2.60h
[439/1097] Taeyoung.Methods.RootedSOS.Atlas43ExceptionalPairWeight0_14_1: 18.2s, 8.07 GiB, ok, total 2.61h
[440/1097] Taeyoung.Methods.RootedSOS.Atlas43ExceptionalPairWeight0_14_2: 17.3s, 7.78 GiB, ok, total 2.61h
[441/1097] Taeyoung.Methods.RootedSOS.Atlas43ExceptionalPairWeight0_15_0: 16.5s, 7.41 GiB, ok, total 2.61h
[442/1097] Taeyoung.Methods.RootedSOS.Atlas43ExceptionalPairWeight0_15_1: 17.3s, 7.69 GiB, ok, total 2.62h
[443/1097] Taeyoung.Methods.RootedSOS.Atlas43ExceptionalPairWeight0_15_2: 17.1s, 7.60 GiB, ok, total 2.62h
[444/1097] Taeyoung.Methods.RootedSOS.Atlas43ExceptionalPairWeight0_16_0: 16.5s, 7.44 GiB, ok, total 2.63h
[445/1097] Taeyoung.Methods.RootedSOS.Atlas43ExceptionalPairWeight0_16_1: 17.3s, 7.69 GiB, ok, total 2.63h
[446/1097] Taeyoung.Methods.RootedSOS.Atlas43ExceptionalPairWeight0_16_2: 17.8s, 7.60 GiB, ok, total 2.64h
[447/1097] Taeyoung.Methods.RootedSOS.Atlas43ExceptionalPairWeight0_17_0: 17.4s, 7.44 GiB, ok, total 2.64h
[448/1097] Taeyoung.Methods.RootedSOS.Atlas43ExceptionalPairWeight0_17_1: 18.0s, 7.69 GiB, ok, total 2.65h
[449/1097] Taeyoung.Methods.RootedSOS.Atlas43ExceptionalPairWeight0_17_2: 17.6s, 7.63 GiB, ok, total 2.65h
[450/1097] Taeyoung.Methods.RootedSOS.Atlas43ExceptionalPairWeight0_18_0: 16.9s, 7.44 GiB, ok, total 2.66h
[451/1097] Taeyoung.Methods.RootedSOS.Atlas43ExceptionalPairWeight0_18_1: 17.8s, 7.72 GiB, ok, total 2.66h
[452/1097] Taeyoung.Methods.RootedSOS.Atlas43ExceptionalPairWeight0_18_2: 17.1s, 7.63 GiB, ok, total 2.67h
[453/1097] Taeyoung.Methods.RootedSOS.Atlas43ExceptionalPairWeight0_19_0: 16.7s, 7.47 GiB, ok, total 2.67h
[454/1097] Taeyoung.Methods.RootedSOS.Atlas43ExceptionalPairWeight0_19_1: 18.0s, 7.85 GiB, ok, total 2.68h
[455/1097] Taeyoung.Methods.RootedSOS.Atlas43ExceptionalPairWeight0_19_2: 17.5s, 7.69 GiB, ok, total 2.68h
[456/1097] Taeyoung.Methods.RootedSOS.Atlas43ExceptionalPairWeight0_20_0: 16.7s, 7.47 GiB, ok, total 2.69h
[457/1097] Taeyoung.Methods.RootedSOS.Atlas43ExceptionalPairWeight0_20_1: 18.2s, 7.88 GiB, ok, total 2.69h
[458/1097] Taeyoung.Methods.RootedSOS.Atlas43ExceptionalPairWeight0_20_2: 17.5s, 7.69 GiB, ok, total 2.70h
[459/1097] Taeyoung.Methods.RootedSOS.Atlas43ExceptionalPairWeight0_21_0: 18.0s, 7.54 GiB, ok, total 2.70h
[460/1097] Taeyoung.Methods.RootedSOS.Atlas43ExceptionalPairWeight0_21_1: 19.2s, 8.00 GiB, ok, total 2.71h
[461/1097] Taeyoung.Methods.RootedSOS.Atlas43ExceptionalPairWeight0_21_2: 17.5s, 7.76 GiB, ok, total 2.71h
[462/1097] Taeyoung.Methods.RootedSOS.Atlas43ExceptionalPairWeight0_22_0: 16.5s, 7.56 GiB, ok, total 2.72h
[463/1097] Taeyoung.Methods.RootedSOS.Atlas43ExceptionalPairWeight0_22_1: 18.2s, 8.00 GiB, ok, total 2.72h
[464/1097] Taeyoung.Methods.RootedSOS.Atlas43ExceptionalPairWeight0_22_2: 17.3s, 7.75 GiB, ok, total 2.73h
[465/1097] Taeyoung.Methods.RootedSOS.Atlas43ExceptionalPairWeight0_23_0: 16.5s, 7.57 GiB, ok, total 2.73h
[466/1097] Taeyoung.Methods.RootedSOS.Atlas43ExceptionalPairWeight0_23_1: 18.2s, 8.04 GiB, ok, total 2.74h
[467/1097] Taeyoung.Methods.RootedSOS.Atlas43ExceptionalPairWeight0_23_2: 17.3s, 7.75 GiB, ok, total 2.74h
[468/1097] Taeyoung.Methods.RootedSOS.Atlas43ExceptionalPairWeight0_24_0: 16.1s, 7.35 GiB, ok, total 2.75h
[469/1097] Taeyoung.Methods.RootedSOS.Atlas43ExceptionalPairWeight0_24_1: 16.9s, 7.60 GiB, ok, total 2.75h
[470/1097] Taeyoung.Methods.RootedSOS.Atlas43ExceptionalPairWeight0_24_2: 16.7s, 7.50 GiB, ok, total 2.76h
[471/1097] Taeyoung.Methods.RootedSOS.Atlas43ExceptionalPairWeight0_25_0: 16.5s, 7.50 GiB, ok, total 2.76h
[472/1097] Taeyoung.Methods.RootedSOS.Atlas43ExceptionalPairWeight0_25_1: 18.0s, 7.91 GiB, ok, total 2.77h
[473/1097] Taeyoung.Methods.RootedSOS.Atlas43ExceptionalPairWeight0_25_2: 17.5s, 7.72 GiB, ok, total 2.77h
[474/1097] Taeyoung.Methods.RootedSOS.Atlas43ExceptionalPairWeight0_26_0: 16.5s, 7.44 GiB, ok, total 2.77h
[475/1097] Taeyoung.Methods.RootedSOS.Atlas43ExceptionalPairWeight0_26_1: 17.5s, 7.72 GiB, ok, total 2.78h
[476/1097] Taeyoung.Methods.RootedSOS.Atlas43ExceptionalPairWeight0_26_2: 17.3s, 7.63 GiB, ok, total 2.78h
[477/1097] Taeyoung.Methods.RootedSOS.Atlas43ExceptionalPairWeight0_27_0: 16.7s, 7.44 GiB, ok, total 2.79h
[478/1097] Taeyoung.Methods.RootedSOS.Atlas43ExceptionalPairWeight0_27_1: 17.8s, 7.72 GiB, ok, total 2.79h
[479/1097] Taeyoung.Methods.RootedSOS.Atlas43ExceptionalPairWeight0_27_2: 17.1s, 7.63 GiB, ok, total 2.80h
[480/1097] Taeyoung.Methods.RootedSOS.Atlas43ExceptionalPairWeight0_28_0: 16.5s, 7.44 GiB, ok, total 2.80h
[481/1097] Taeyoung.Methods.RootedSOS.Atlas43ExceptionalPairWeight0_28_1: 17.5s, 7.75 GiB, ok, total 2.81h
[482/1097] Taeyoung.Methods.RootedSOS.Atlas43ExceptionalPairWeight0_28_2: 18.0s, 7.63 GiB, ok, total 2.81h
[483/1097] Taeyoung.Methods.RootedSOS.Atlas43ExceptionalPairWeight0_29_0: 16.7s, 7.50 GiB, ok, total 2.82h
[484/1097] Taeyoung.Methods.RootedSOS.Atlas43ExceptionalPairWeight0_29_1: 18.8s, 7.88 GiB, ok, total 2.82h
[485/1097] Taeyoung.Methods.RootedSOS.Atlas43ExceptionalPairWeight0_29_2: 17.8s, 7.69 GiB, ok, total 2.83h
[486/1097] Taeyoung.Methods.RootedSOS.Atlas43ExceptionalPairWeight0_30_0: 16.9s, 7.50 GiB, ok, total 2.83h
[487/1097] Taeyoung.Methods.RootedSOS.Atlas43ExceptionalPairWeight0_30_1: 18.0s, 7.91 GiB, ok, total 2.84h
[488/1097] Taeyoung.Methods.RootedSOS.Atlas43ExceptionalPairWeight0_30_2: 17.6s, 7.73 GiB, ok, total 2.84h
[489/1097] Taeyoung.Methods.RootedSOS.Atlas43ExceptionalPairWeight0_31_0: 16.7s, 7.50 GiB, ok, total 2.85h
[490/1097] Taeyoung.Methods.RootedSOS.Atlas43ExceptionalPairWeight0_31_1: 18.6s, 7.94 GiB, ok, total 2.85h
[491/1097] Taeyoung.Methods.RootedSOS.Atlas43ExceptionalPairWeight0_31_2: 18.2s, 7.73 GiB, ok, total 2.86h
[492/1097] Taeyoung.Methods.RootedSOS.Atlas43ExceptionalPairWeight0_32_0: 17.4s, 7.53 GiB, ok, total 2.86h
[493/1097] Taeyoung.Methods.RootedSOS.Atlas43ExceptionalPairWeight0_32_1: 18.8s, 7.97 GiB, ok, total 2.87h
[494/1097] Taeyoung.Methods.RootedSOS.Atlas43ExceptionalPairWeight0_32_2: 18.2s, 7.75 GiB, ok, total 2.87h
[495/1097] Taeyoung.Methods.RootedSOS.Atlas43ExceptionalPairWeight0_33_0: 17.2s, 7.53 GiB, ok, total 2.88h
[496/1097] Taeyoung.Methods.RootedSOS.Atlas43ExceptionalPairWeight0_33_1: 18.8s, 7.97 GiB, ok, total 2.88h
[497/1097] Taeyoung.Methods.RootedSOS.Atlas43ExceptionalPairWeight0_33_2: 17.8s, 7.75 GiB, ok, total 2.89h
[498/1097] Taeyoung.Methods.RootedSOS.Atlas43ExceptionalPairWeight0_34_0: 16.7s, 7.53 GiB, ok, total 2.89h
[499/1097] Taeyoung.Methods.RootedSOS.Atlas43ExceptionalPairWeight0_34_1: 18.8s, 7.97 GiB, ok, total 2.90h
[500/1097] Taeyoung.Methods.RootedSOS.Atlas43ExceptionalPairWeight0_34_2: 18.6s, 7.76 GiB, ok, total 2.90h
[501/1097] Taeyoung.Methods.RootedSOS.Atlas43ExceptionalPairWeight0_35_0: 17.1s, 7.59 GiB, ok, total 2.91h
[502/1097] Taeyoung.Methods.RootedSOS.Atlas43ExceptionalPairWeight0_35_1: 19.0s, 8.10 GiB, ok, total 2.91h
[503/1097] Taeyoung.Methods.RootedSOS.Atlas43ExceptionalPairWeight0_35_2: 18.4s, 7.79 GiB, ok, total 2.92h
[504/1097] Taeyoung.Methods.RootedSOS.Atlas43ExceptionalPairWeight0_36_0: 16.7s, 7.44 GiB, ok, total 2.92h
[505/1097] Taeyoung.Methods.RootedSOS.Atlas43ExceptionalPairWeight0_36_1: 18.0s, 7.72 GiB, ok, total 2.93h
[506/1097] Taeyoung.Methods.RootedSOS.Atlas43ExceptionalPairWeight0_36_2: 18.0s, 7.63 GiB, ok, total 2.93h
[507/1097] Taeyoung.Methods.RootedSOS.Atlas43ExceptionalPairWeight0_37_0: 17.4s, 7.47 GiB, ok, total 2.94h
[508/1097] Taeyoung.Methods.RootedSOS.Atlas43ExceptionalPairWeight0_37_1: 18.8s, 7.82 GiB, ok, total 2.94h
[509/1097] Taeyoung.Methods.RootedSOS.Atlas43ExceptionalPairWeight0_37_2: 18.6s, 7.66 GiB, ok, total 2.95h
[510/1097] Taeyoung.Methods.RootedSOS.Atlas43ExceptionalPairWeight0_38_0: 16.7s, 7.47 GiB, ok, total 2.95h
[511/1097] Taeyoung.Methods.RootedSOS.Atlas43ExceptionalPairWeight0_38_1: 18.0s, 7.85 GiB, ok, total 2.96h
[512/1097] Taeyoung.Methods.RootedSOS.Atlas43ExceptionalPairWeight0_38_2: 17.6s, 7.69 GiB, ok, total 2.96h
[513/1097] Taeyoung.Methods.RootedSOS.Atlas43ExceptionalPairWeight0_39_0: 16.5s, 7.44 GiB, ok, total 2.97h
[514/1097] Taeyoung.Methods.RootedSOS.Atlas43ExceptionalPairWeight0_39_1: 17.6s, 7.72 GiB, ok, total 2.97h
[515/1097] Taeyoung.Methods.RootedSOS.Atlas43ExceptionalPairWeight0_39_2: 17.1s, 7.63 GiB, ok, total 2.98h
[516/1097] Taeyoung.Methods.RootedSOS.Atlas43ExceptionalPairWeight0_40_0: 16.5s, 7.44 GiB, ok, total 2.98h
[517/1097] Taeyoung.Methods.RootedSOS.Atlas43ExceptionalPairWeight0_40_1: 18.2s, 7.76 GiB, ok, total 2.99h
[518/1097] Taeyoung.Methods.RootedSOS.Atlas43ExceptionalPairWeight0_40_2: 17.8s, 7.66 GiB, ok, total 2.99h
[519/1097] Taeyoung.Methods.RootedSOS.Atlas43ExceptionalPairWeight0_41_0: 17.0s, 7.47 GiB, ok, total 3.00h
[520/1097] Taeyoung.Methods.RootedSOS.Atlas43ExceptionalPairWeight0_41_1: 17.8s, 7.82 GiB, ok, total 3.00h
[521/1097] Taeyoung.Methods.RootedSOS.Atlas43ExceptionalPairWeight0_41_2: 17.6s, 7.69 GiB, ok, total 3.01h
[522/1097] Taeyoung.Methods.RootedSOS.Atlas43ExceptionalPairWeight0_42_0: 16.7s, 7.47 GiB, ok, total 3.01h
[523/1097] Taeyoung.Methods.RootedSOS.Atlas43ExceptionalPairWeight0_42_1: 17.5s, 7.85 GiB, ok, total 3.02h
[524/1097] Taeyoung.Methods.RootedSOS.Atlas43ExceptionalPairWeight0_42_2: 17.1s, 7.69 GiB, ok, total 3.02h
[525/1097] Taeyoung.Methods.RootedSOS.Atlas43ExceptionalPairWeight0_43_0: 16.5s, 7.47 GiB, ok, total 3.03h
[526/1097] Taeyoung.Methods.RootedSOS.Atlas43ExceptionalPairWeight0_43_1: 17.6s, 7.85 GiB, ok, total 3.03h
[527/1097] Taeyoung.Methods.RootedSOS.Atlas43ExceptionalPairWeight0_43_2: 17.3s, 7.69 GiB, ok, total 3.04h
[528/1097] Taeyoung.Methods.RootedSOS.Atlas43ExceptionalPairWeight0_44_0: 16.1s, 7.50 GiB, ok, total 3.04h
[529/1097] Taeyoung.Methods.RootedSOS.Atlas43ExceptionalPairWeight0_44_1: 17.5s, 7.88 GiB, ok, total 3.05h
[530/1097] Taeyoung.Methods.RootedSOS.Atlas43ExceptionalPairWeight0_44_2: 17.1s, 7.69 GiB, ok, total 3.05h
[531/1097] Taeyoung.Methods.RootedSOS.Atlas43ExceptionalPairWeight0_45_0: 16.1s, 7.50 GiB, ok, total 3.05h
[532/1097] Taeyoung.Methods.RootedSOS.Atlas43ExceptionalPairWeight0_45_1: 17.8s, 7.88 GiB, ok, total 3.06h
[533/1097] Taeyoung.Methods.RootedSOS.Atlas43ExceptionalPairWeight0_45_2: 17.3s, 7.73 GiB, ok, total 3.06h
[534/1097] Taeyoung.Methods.RootedSOS.Atlas43ExceptionalPairWeight0_46_0: 16.3s, 7.50 GiB, ok, total 3.07h
[535/1097] Taeyoung.Methods.RootedSOS.Atlas43ExceptionalPairWeight0_46_1: 17.5s, 7.91 GiB, ok, total 3.07h
[536/1097] Taeyoung.Methods.RootedSOS.Atlas43ExceptionalPairWeight0_46_2: 17.1s, 7.72 GiB, ok, total 3.08h
[537/1097] Taeyoung.Methods.RootedSOS.Atlas43ExceptionalPairWeight0_47_0: 16.5s, 7.56 GiB, ok, total 3.08h
[538/1097] Taeyoung.Methods.RootedSOS.Atlas43ExceptionalPairWeight0_47_1: 17.8s, 8.03 GiB, ok, total 3.09h
[539/1097] Taeyoung.Methods.RootedSOS.Atlas43ExceptionalPairWeight0_47_2: 17.1s, 7.79 GiB, ok, total 3.09h
[540/1097] Taeyoung.Methods.RootedSOS.Atlas43ExceptionalPairWeight0_48_0: 16.5s, 7.57 GiB, ok, total 3.10h
[541/1097] Taeyoung.Methods.RootedSOS.Atlas43ExceptionalPairWeight0_48_1: 18.0s, 8.03 GiB, ok, total 3.10h
[542/1097] Taeyoung.Methods.RootedSOS.Atlas43ExceptionalPairWeight0_48_2: 17.8s, 7.79 GiB, ok, total 3.11h
[543/1097] Taeyoung.Methods.RootedSOS.Atlas43ExceptionalPairWeight0_49_0: 17.8s, 7.59 GiB, ok, total 3.11h
[544/1097] Taeyoung.Methods.RootedSOS.Atlas43ExceptionalPairWeight0_49_1: 18.2s, 8.07 GiB, ok, total 3.12h
[545/1097] Taeyoung.Methods.RootedSOS.Atlas43ExceptionalPairWeight0_49_2: 17.1s, 7.79 GiB, ok, total 3.12h
[546/1097] Taeyoung.Methods.RootedSOS.Atlas43ExceptionalPairWeight0_50_0: 16.3s, 7.44 GiB, ok, total 3.13h
[547/1097] Taeyoung.Methods.RootedSOS.Atlas43ExceptionalPairWeight0_50_1: 16.9s, 7.76 GiB, ok, total 3.13h
[548/1097] Taeyoung.Methods.RootedSOS.Atlas43ExceptionalPairWeight0_50_2: 16.7s, 7.66 GiB, ok, total 3.14h
[549/1097] Taeyoung.Methods.RootedSOS.Atlas43ExceptionalPairWeight0_51_0: 16.1s, 7.47 GiB, ok, total 3.14h
[550/1097] Taeyoung.Methods.RootedSOS.Atlas43ExceptionalPairWeight0_51_1: 17.1s, 7.79 GiB, ok, total 3.15h
[551/1097] Taeyoung.Methods.RootedSOS.Atlas43ExceptionalPairWeight0_51_2: 16.9s, 7.66 GiB, ok, total 3.15h
[552/1097] Taeyoung.Methods.RootedSOS.Atlas43ExceptionalPairWeight0_52_0: 16.3s, 7.54 GiB, ok, total 3.15h
[553/1097] Taeyoung.Methods.RootedSOS.Atlas43ExceptionalPairWeight0_52_1: 18.0s, 8.00 GiB, ok, total 3.16h
[554/1097] Taeyoung.Methods.RootedSOS.Atlas43ExceptionalPairWeight0_52_2: 17.3s, 7.78 GiB, ok, total 3.16h
[555/1097] Taeyoung.Methods.RootedSOS.Atlas43ExceptionalPairWeight0_53_0: 16.1s, 7.53 GiB, ok, total 3.17h
[556/1097] Taeyoung.Methods.RootedSOS.Atlas43ExceptionalPairWeight0_53_1: 17.5s, 7.97 GiB, ok, total 3.17h
[557/1097] Taeyoung.Methods.RootedSOS.Atlas43ExceptionalPairWeight0_53_2: 17.3s, 7.75 GiB, ok, total 3.18h
[558/1097] Taeyoung.Methods.RootedSOS.Atlas43ExceptionalPairWeight0_54_0: 16.1s, 7.53 GiB, ok, total 3.18h
[559/1097] Taeyoung.Methods.RootedSOS.Atlas43ExceptionalPairWeight0_54_1: 17.7s, 7.97 GiB, ok, total 3.19h
[560/1097] Taeyoung.Methods.RootedSOS.Atlas43ExceptionalPairWeight0_54_2: 17.1s, 7.75 GiB, ok, total 3.19h
[561/1097] Taeyoung.Methods.RootedSOS.Atlas43ExceptionalPairWeight0_55_0: 16.5s, 7.63 GiB, ok, total 3.20h
[562/1097] Taeyoung.Methods.RootedSOS.Atlas43ExceptionalPairWeight0_55_1: 18.2s, 8.19 GiB, ok, total 3.20h
[563/1097] Taeyoung.Methods.RootedSOS.Atlas43ExceptionalPairWeight0_55_2: 17.5s, 7.85 GiB, ok, total 3.21h
[564/1097] Taeyoung.Methods.RootedSOS.Atlas43ExceptionalPairWeight0_56_0: 16.7s, 7.66 GiB, ok, total 3.21h
[565/1097] Taeyoung.Methods.RootedSOS.Atlas43ExceptionalPairWeight0_56_1: 18.2s, 8.25 GiB, ok, total 3.22h
[566/1097] Taeyoung.Methods.RootedSOS.Atlas43ExceptionalPairWeight0_56_2: 17.3s, 7.88 GiB, ok, total 3.22h
[567/1097] Taeyoung.Methods.RootedSOS.Atlas43ExceptionalPairWeight0_57_0: 17.6s, 7.56 GiB, ok, total 3.23h
[568/1097] Taeyoung.Methods.RootedSOS.Atlas43ExceptionalPairWeight0_57_1: 19.5s, 8.04 GiB, ok, total 3.23h
[569/1097] Taeyoung.Methods.RootedSOS.Atlas43ExceptionalPairWeight0_57_2: 18.2s, 7.78 GiB, ok, total 3.24h
[570/1097] Taeyoung.Methods.RootedSOS.Atlas43ExceptionalPairWeight0_58_0: 17.2s, 7.63 GiB, ok, total 3.24h
[571/1097] Taeyoung.Methods.RootedSOS.Atlas43ExceptionalPairWeight0_58_1: 19.4s, 8.16 GiB, ok, total 3.25h
[572/1097] Taeyoung.Methods.RootedSOS.Atlas43ExceptionalPairWeight0_58_2: 18.4s, 7.85 GiB, ok, total 3.25h
[573/1097] Taeyoung.Methods.RootedSOS.Atlas43ExceptionalPairWeight0_59_0: 17.0s, 7.60 GiB, ok, total 3.26h
[574/1097] Taeyoung.Methods.RootedSOS.Atlas43ExceptionalPairWeight0_59_1: 18.4s, 8.13 GiB, ok, total 3.26h
[575/1097] Taeyoung.Methods.RootedSOS.Atlas43ExceptionalPairWeight0_59_2: 17.8s, 7.85 GiB, ok, total 3.27h
[576/1097] Taeyoung.Methods.RootedSOS.Atlas43ExceptionalPairWeight0_60_0: 16.7s, 7.63 GiB, ok, total 3.27h
[577/1097] Taeyoung.Methods.RootedSOS.Atlas43ExceptionalPairWeight0_60_1: 18.6s, 8.13 GiB, ok, total 3.28h
[578/1097] Taeyoung.Methods.RootedSOS.Atlas43ExceptionalPairWeight0_60_2: 18.2s, 7.85 GiB, ok, total 3.28h
[579/1097] Taeyoung.Methods.RootedSOS.Atlas43ExceptionalPairWeight0_61_0: 16.7s, 7.63 GiB, ok, total 3.29h
[580/1097] Taeyoung.Methods.RootedSOS.Atlas43ExceptionalPairWeight0_61_1: 18.4s, 8.16 GiB, ok, total 3.29h
[581/1097] Taeyoung.Methods.RootedSOS.Atlas43ExceptionalPairWeight0_61_2: 17.8s, 7.85 GiB, ok, total 3.30h
[582/1097] Taeyoung.Methods.RootedSOS.Atlas43ExceptionalPairWeight0_62_0: 16.7s, 7.66 GiB, ok, total 3.30h
[583/1097] Taeyoung.Methods.RootedSOS.Atlas43ExceptionalPairWeight0_62_1: 19.2s, 8.22 GiB, ok, total 3.31h
[584/1097] Taeyoung.Methods.RootedSOS.Atlas43ExceptionalPairWeight0_62_2: 18.2s, 7.88 GiB, ok, total 3.31h
[585/1097] Taeyoung.Methods.RootedSOS.Atlas43ExceptionalPairWeight0_63_0: 17.4s, 7.69 GiB, ok, total 3.32h
[586/1097] Taeyoung.Methods.RootedSOS.Atlas43ExceptionalPairWeight0_63_1: 19.2s, 8.28 GiB, ok, total 3.32h
[587/1097] Taeyoung.Methods.RootedSOS.Atlas43ExceptionalPairWeight0_63_2: 18.0s, 7.91 GiB, ok, total 3.33h
[588/1097] Taeyoung.Methods.RootedSOS.Atlas43ExceptionalPairWeight0_64_0: 17.8s, 7.69 GiB, ok, total 3.33h
[589/1097] Taeyoung.Methods.RootedSOS.Atlas43ExceptionalPairWeight0_64_1: 18.6s, 8.31 GiB, ok, total 3.34h
[590/1097] Taeyoung.Methods.RootedSOS.Atlas43ExceptionalPairWeight0_64_2: 17.5s, 7.91 GiB, ok, total 3.34h
[591/1097] Taeyoung.Methods.RootedSOS.Atlas43ExceptionalPairWeight0_65_0: 16.7s, 7.75 GiB, ok, total 3.35h
[592/1097] Taeyoung.Methods.RootedSOS.Atlas43ExceptionalPairWeight0_65_1: 19.0s, 8.41 GiB, ok, total 3.35h
[593/1097] Taeyoung.Methods.RootedSOS.Atlas43ExceptionalPairWeight0_65_2: 17.8s, 7.94 GiB, ok, total 3.36h
[594/1097] Taeyoung.Methods.RootedSOS.Atlas43ExceptionalPairWeight1_00: 15.7s, 7.29 GiB, ok, total 3.36h
[595/1097] Taeyoung.Methods.RootedSOS.Atlas43ExceptionalPairWeight1_01: 15.9s, 7.32 GiB, ok, total 3.37h
[596/1097] Taeyoung.Methods.RootedSOS.Atlas43ExceptionalPairWeight1_02: 16.3s, 7.35 GiB, ok, total 3.37h
[597/1097] Taeyoung.Methods.RootedSOS.Atlas43ExceptionalPairWeight1_03: 15.9s, 7.31 GiB, ok, total 3.38h
[598/1097] Taeyoung.Methods.RootedSOS.Atlas43ExceptionalPairWeight1_04: 15.9s, 7.35 GiB, ok, total 3.38h
[599/1097] Taeyoung.Methods.RootedSOS.Atlas43ExceptionalPairWeight1_05: 15.9s, 7.38 GiB, ok, total 3.38h
[600/1097] Taeyoung.Methods.RootedSOS.Atlas43ExceptionalPairWeight1_06: 15.7s, 7.35 GiB, ok, total 3.39h
[601/1097] Taeyoung.Methods.RootedSOS.Atlas43ExceptionalPairWeight1_07: 15.9s, 7.38 GiB, ok, total 3.39h
[602/1097] Taeyoung.Methods.RootedSOS.Atlas43ExceptionalPairWeight1_08: 15.7s, 7.35 GiB, ok, total 3.40h
[603/1097] Taeyoung.Methods.RootedSOS.Atlas43ExceptionalPairWeight1_09: 16.5s, 7.38 GiB, ok, total 3.40h
[604/1097] Taeyoung.Methods.RootedSOS.Atlas43ExceptionalPairWeight1_10: 15.7s, 7.38 GiB, ok, total 3.41h
[605/1097] Taeyoung.Methods.RootedSOS.Atlas43ExceptionalPairWeight1_11: 15.7s, 7.41 GiB, ok, total 3.41h
[606/1097] Taeyoung.Methods.RootedSOS.Atlas43ExceptionalPairWeight1_12: 15.7s, 7.41 GiB, ok, total 3.42h
[607/1097] Taeyoung.Methods.RootedSOS.Atlas43ExceptionalPairWeight1_13: 15.9s, 7.41 GiB, ok, total 3.42h
[608/1097] Taeyoung.Methods.RootedSOS.Atlas43ExceptionalPairWeight1_14: 16.1s, 7.41 GiB, ok, total 3.42h
[609/1097] Taeyoung.Methods.RootedSOS.Atlas43ExceptionalPairWeightChecks: 8.1s, 4.69 GiB, ok, total 3.43h
[610/1097] Taeyoung.Methods.RootedSOS.Atlas43ScaledGroupCell000_0: 21.9s, 9.22 GiB, ok, total 3.43h
[611/1097] Taeyoung.Methods.RootedSOS.Atlas43ScaledGroupCell000_1: 21.5s, 9.22 GiB, ok, total 3.44h
[612/1097] Taeyoung.Methods.RootedSOS.Atlas43ScaledGroupCell000_2: 21.0s, 9.22 GiB, ok, total 3.45h
[613/1097] Taeyoung.Methods.RootedSOS.Atlas43ScaledGroupCell000_3: 20.8s, 9.13 GiB, ok, total 3.45h
[614/1097] Taeyoung.Methods.RootedSOS.Atlas43ScaledGroupCell001_0: 21.5s, 9.23 GiB, ok, total 3.46h
[615/1097] Taeyoung.Methods.RootedSOS.Atlas43ScaledGroupCell001_1: 22.1s, 9.26 GiB, ok, total 3.46h
[616/1097] Taeyoung.Methods.RootedSOS.Atlas43ScaledGroupCell001_2: 21.9s, 9.26 GiB, ok, total 3.47h
[617/1097] Taeyoung.Methods.RootedSOS.Atlas43ScaledGroupCell001_3: 22.1s, 9.13 GiB, ok, total 3.48h
[618/1097] Taeyoung.Methods.RootedSOS.Atlas43ScaledGroupCell002_0: 22.1s, 9.25 GiB, ok, total 3.48h
[619/1097] Taeyoung.Methods.RootedSOS.Atlas43ScaledGroupCell002_1: 21.9s, 9.26 GiB, ok, total 3.49h
[620/1097] Taeyoung.Methods.RootedSOS.Atlas43ScaledGroupCell002_2: 21.9s, 9.25 GiB, ok, total 3.49h
[621/1097] Taeyoung.Methods.RootedSOS.Atlas43ScaledGroupCell002_3: 21.7s, 9.16 GiB, ok, total 3.50h
[622/1097] Taeyoung.Methods.RootedSOS.Atlas43ScaledGroupCell003_0: 23.5s, 9.54 GiB, ok, total 3.51h
[623/1097] Taeyoung.Methods.RootedSOS.Atlas43ScaledGroupCell003_1: 23.8s, 9.60 GiB, ok, total 3.51h
[624/1097] Taeyoung.Methods.RootedSOS.Atlas43ScaledGroupCell003_2: 23.8s, 9.60 GiB, ok, total 3.52h
[625/1097] Taeyoung.Methods.RootedSOS.Atlas43ScaledGroupCell003_3: 23.1s, 9.41 GiB, ok, total 3.53h
[626/1097] Taeyoung.Methods.RootedSOS.Atlas43ScaledGroupCell004_0: 23.5s, 9.53 GiB, ok, total 3.53h
[627/1097] Taeyoung.Methods.RootedSOS.Atlas43ScaledGroupCell004_1: 23.5s, 9.57 GiB, ok, total 3.54h
[628/1097] Taeyoung.Methods.RootedSOS.Atlas43ScaledGroupCell004_2: 23.8s, 9.57 GiB, ok, total 3.55h
[629/1097] Taeyoung.Methods.RootedSOS.Atlas43ScaledGroupCell004_3: 23.3s, 9.44 GiB, ok, total 3.55h
[630/1097] Taeyoung.Methods.RootedSOS.Atlas43ScaledGroupCell005_0: 22.5s, 9.38 GiB, ok, total 3.56h
[631/1097] Taeyoung.Methods.RootedSOS.Atlas43ScaledGroupCell005_1: 22.7s, 9.44 GiB, ok, total 3.57h
[632/1097] Taeyoung.Methods.RootedSOS.Atlas43ScaledGroupCell005_2: 22.9s, 9.41 GiB, ok, total 3.57h
[633/1097] Taeyoung.Methods.RootedSOS.Atlas43ScaledGroupCell005_3: 22.3s, 9.28 GiB, ok, total 3.58h
[634/1097] Taeyoung.Methods.RootedSOS.Atlas43ScaledGroupCell006_0: 22.5s, 9.38 GiB, ok, total 3.58h
[635/1097] Taeyoung.Methods.RootedSOS.Atlas43ScaledGroupCell006_1: 21.9s, 9.41 GiB, ok, total 3.59h
[636/1097] Taeyoung.Methods.RootedSOS.Atlas43ScaledGroupCell006_2: 21.5s, 9.38 GiB, ok, total 3.60h
[637/1097] Taeyoung.Methods.RootedSOS.Atlas43ScaledGroupCell006_3: 21.2s, 9.29 GiB, ok, total 3.60h
[638/1097] Taeyoung.Methods.RootedSOS.Atlas43ScaledGroupCell007_0: 22.3s, 9.44 GiB, ok, total 3.61h
[639/1097] Taeyoung.Methods.RootedSOS.Atlas43ScaledGroupCell007_1: 22.3s, 9.50 GiB, ok, total 3.61h
[640/1097] Taeyoung.Methods.RootedSOS.Atlas43ScaledGroupCell007_2: 22.1s, 9.51 GiB, ok, total 3.62h
[641/1097] Taeyoung.Methods.RootedSOS.Atlas43ScaledGroupCell007_3: 21.7s, 9.35 GiB, ok, total 3.63h
[642/1097] Taeyoung.Methods.RootedSOS.Atlas43ScaledGroupCell008_0: 23.7s, 9.82 GiB, ok, total 3.63h
[643/1097] Taeyoung.Methods.RootedSOS.Atlas43ScaledGroupCell008_1: 24.1s, 9.97 GiB, ok, total 3.64h
[644/1097] Taeyoung.Methods.RootedSOS.Atlas43ScaledGroupCell008_2: 24.6s, 9.98 GiB, ok, total 3.65h
[645/1097] Taeyoung.Methods.RootedSOS.Atlas43ScaledGroupCell008_3: 24.4s, 9.73 GiB, ok, total 3.65h
[646/1097] Taeyoung.Methods.RootedSOS.Atlas43ScaledGroupCell009_0: 29.5s, 10.72 GiB, ok, total 3.66h
[647/1097] Taeyoung.Methods.RootedSOS.Atlas43ScaledGroupCell009_1: 29.7s, 11.02 GiB, ok, total 3.67h
[648/1097] Taeyoung.Methods.RootedSOS.Atlas43ScaledGroupCell009_2: 29.7s, 11.04 GiB, ok, total 3.68h
[649/1097] Taeyoung.Methods.RootedSOS.Atlas43ScaledGroupCell009_3: 28.7s, 10.62 GiB, ok, total 3.69h
[650/1097] Taeyoung.Methods.RootedSOS.Atlas43ScaledGroupCell010_0: 21.7s, 9.41 GiB, ok, total 3.69h
[651/1097] Taeyoung.Methods.RootedSOS.Atlas43ScaledGroupCell010_1: 21.9s, 9.44 GiB, ok, total 3.70h
[652/1097] Taeyoung.Methods.RootedSOS.Atlas43ScaledGroupCell010_2: 21.9s, 9.47 GiB, ok, total 3.70h
[653/1097] Taeyoung.Methods.RootedSOS.Atlas43ScaledGroupCell010_3: 21.2s, 9.29 GiB, ok, total 3.71h
[654/1097] Taeyoung.Methods.RootedSOS.Atlas43ScaledGroupCell011_0: 27.7s, 10.49 GiB, ok, total 3.72h
[655/1097] Taeyoung.Methods.RootedSOS.Atlas43ScaledGroupCell011_1: 28.0s, 10.65 GiB, ok, total 3.73h
[656/1097] Taeyoung.Methods.RootedSOS.Atlas43ScaledGroupCell011_2: 28.0s, 10.70 GiB, ok, total 3.73h
[657/1097] Taeyoung.Methods.RootedSOS.Atlas43ScaledGroupCell011_3: 27.0s, 10.35 GiB, ok, total 3.74h
[658/1097] Taeyoung.Methods.RootedSOS.Atlas43ScaledGroupCell012_0: 22.0s, 9.51 GiB, ok, total 3.75h
[659/1097] Taeyoung.Methods.RootedSOS.Atlas43ScaledGroupCell012_1: 22.1s, 9.54 GiB, ok, total 3.75h
[660/1097] Taeyoung.Methods.RootedSOS.Atlas43ScaledGroupCell012_2: 22.3s, 9.57 GiB, ok, total 3.76h
[661/1097] Taeyoung.Methods.RootedSOS.Atlas43ScaledGroupCell012_3: 22.1s, 9.41 GiB, ok, total 3.77h
[662/1097] Taeyoung.Methods.RootedSOS.Atlas43ScaledGroupCell013_0: 21.2s, 9.28 GiB, ok, total 3.77h
[663/1097] Taeyoung.Methods.RootedSOS.Atlas43ScaledGroupCell013_1: 21.1s, 9.31 GiB, ok, total 3.78h
[664/1097] Taeyoung.Methods.RootedSOS.Atlas43ScaledGroupCell013_2: 21.0s, 9.31 GiB, ok, total 3.78h
[665/1097] Taeyoung.Methods.RootedSOS.Atlas43ScaledGroupCell013_3: 20.6s, 9.16 GiB, ok, total 3.79h
[666/1097] Taeyoung.Methods.RootedSOS.Atlas43ScaledGroupCell014_0: 25.8s, 10.14 GiB, ok, total 3.80h
[667/1097] Taeyoung.Methods.RootedSOS.Atlas43ScaledGroupCell014_1: 26.4s, 10.33 GiB, ok, total 3.80h
[668/1097] Taeyoung.Methods.RootedSOS.Atlas43ScaledGroupCell014_2: 26.4s, 10.33 GiB, ok, total 3.81h
[669/1097] Taeyoung.Methods.RootedSOS.Atlas43ScaledGroupCell014_3: 25.4s, 10.02 GiB, ok, total 3.82h
[670/1097] Taeyoung.Methods.RootedSOS.Atlas43ScaledGroupCell015_0: 23.1s, 9.72 GiB, ok, total 3.83h
[671/1097] Taeyoung.Methods.RootedSOS.Atlas43ScaledGroupCell015_1: 23.5s, 9.85 GiB, ok, total 3.83h
[672/1097] Taeyoung.Methods.RootedSOS.Atlas43ScaledGroupCell015_2: 23.3s, 9.85 GiB, ok, total 3.84h
[673/1097] Taeyoung.Methods.RootedSOS.Atlas43ScaledGroupCell015_3: 22.7s, 9.60 GiB, ok, total 3.84h
[674/1097] Taeyoung.Methods.RootedSOS.Atlas43ScaledGroupCell016_0: 26.4s, 10.23 GiB, ok, total 3.85h
[675/1097] Taeyoung.Methods.RootedSOS.Atlas43ScaledGroupCell016_1: 26.8s, 10.43 GiB, ok, total 3.86h
[676/1097] Taeyoung.Methods.RootedSOS.Atlas43ScaledGroupCell016_2: 26.8s, 10.42 GiB, ok, total 3.87h
[677/1097] Taeyoung.Methods.RootedSOS.Atlas43ScaledGroupCell016_3: 26.0s, 10.11 GiB, ok, total 3.87h
[678/1097] Taeyoung.Methods.RootedSOS.Atlas43ScaledGroupCell017_0: 29.3s, 10.90 GiB, ok, total 3.88h
[679/1097] Taeyoung.Methods.RootedSOS.Atlas43ScaledGroupCell017_1: 30.3s, 11.16 GiB, ok, total 3.89h
[680/1097] Taeyoung.Methods.RootedSOS.Atlas43ScaledGroupCell017_2: 30.5s, 11.18 GiB, ok, total 3.90h
[681/1097] Taeyoung.Methods.RootedSOS.Atlas43ScaledGroupCell017_3: 29.3s, 10.77 GiB, ok, total 3.91h
[682/1097] Taeyoung.Methods.RootedSOS.Atlas43ScaledGroupCell018_0: 24.5s, 9.97 GiB, ok, total 3.91h
[683/1097] Taeyoung.Methods.RootedSOS.Atlas43ScaledGroupCell018_1: 26.0s, 10.14 GiB, ok, total 3.92h
[684/1097] Taeyoung.Methods.RootedSOS.Atlas43ScaledGroupCell018_2: 25.6s, 10.17 GiB, ok, total 3.93h
[685/1097] Taeyoung.Methods.RootedSOS.Atlas43ScaledGroupCell018_3: 24.1s, 9.84 GiB, ok, total 3.94h
[686/1097] Taeyoung.Methods.RootedSOS.Atlas43ScaledGroupCell019_0: 26.0s, 10.14 GiB, ok, total 3.94h
[687/1097] Taeyoung.Methods.RootedSOS.Atlas43ScaledGroupCell019_1: 26.2s, 10.30 GiB, ok, total 3.95h
[688/1097] Taeyoung.Methods.RootedSOS.Atlas43ScaledGroupCell019_2: 26.2s, 10.33 GiB, ok, total 3.96h
[689/1097] Taeyoung.Methods.RootedSOS.Atlas43ScaledGroupCell019_3: 25.4s, 10.02 GiB, ok, total 3.96h
[690/1097] Taeyoung.Methods.RootedSOS.Atlas43ScaledGroupCell020_0: 20.4s, 9.23 GiB, ok, total 3.97h
[691/1097] Taeyoung.Methods.RootedSOS.Atlas43ScaledGroupCell020_1: 20.8s, 9.25 GiB, ok, total 3.98h
[692/1097] Taeyoung.Methods.RootedSOS.Atlas43ScaledGroupCell020_2: 20.8s, 9.25 GiB, ok, total 3.98h
[693/1097] Taeyoung.Methods.RootedSOS.Atlas43ScaledGroupCell020_3: 20.4s, 9.13 GiB, ok, total 3.99h
[694/1097] Taeyoung.Methods.RootedSOS.Atlas43ScaledGroupCell021_0: 36.1s, 11.97 GiB, ok, total 4.00h
[695/1097] Taeyoung.Methods.RootedSOS.Atlas43ScaledGroupCell021_1: 37.2s, 12.37 GiB, ok, total 4.01h
[696/1097] Taeyoung.Methods.RootedSOS.Atlas43ScaledGroupCell021_2: 37.2s, 12.39 GiB, ok, total 4.02h
[697/1097] Taeyoung.Methods.RootedSOS.Atlas43ScaledGroupCell021_3: 35.3s, 11.83 GiB, ok, total 4.03h
[698/1097] Taeyoung.Methods.RootedSOS.Atlas43ScaledGroupCell022_0: 30.8s, 11.02 GiB, ok, total 4.04h
[699/1097] Taeyoung.Methods.RootedSOS.Atlas43ScaledGroupCell022_1: 31.4s, 11.27 GiB, ok, total 4.05h
[700/1097] Taeyoung.Methods.RootedSOS.Atlas43ScaledGroupCell022_2: 32.0s, 11.29 GiB, ok, total 4.05h
[701/1097] Taeyoung.Methods.RootedSOS.Atlas43ScaledGroupCell022_3: 32.5s, 10.89 GiB, ok, total 4.06h
[702/1097] Taeyoung.Methods.RootedSOS.Atlas43ScaledGroupCell023_0: 23.1s, 9.47 GiB, ok, total 4.07h
[703/1097] Taeyoung.Methods.RootedSOS.Atlas43ScaledGroupCell023_1: 23.1s, 9.54 GiB, ok, total 4.08h
[704/1097] Taeyoung.Methods.RootedSOS.Atlas43ScaledGroupCell023_2: 23.1s, 9.54 GiB, ok, total 4.08h
[705/1097] Taeyoung.Methods.RootedSOS.Atlas43ScaledGroupCell023_3: 23.0s, 9.35 GiB, ok, total 4.09h
[706/1097] Taeyoung.Methods.RootedSOS.Atlas43ScaledGroupCell024_0: 26.7s, 9.95 GiB, ok, total 4.10h
[707/1097] Taeyoung.Methods.RootedSOS.Atlas43ScaledGroupCell024_1: 26.7s, 10.11 GiB, ok, total 4.10h
[708/1097] Taeyoung.Methods.RootedSOS.Atlas43ScaledGroupCell024_2: 26.8s, 10.14 GiB, ok, total 4.11h
[709/1097] Taeyoung.Methods.RootedSOS.Atlas43ScaledGroupCell024_3: 25.6s, 9.81 GiB, ok, total 4.12h
[710/1097] Taeyoung.Methods.RootedSOS.Atlas43ScaledGroupCell025_0: 21.5s, 9.31 GiB, ok, total 4.12h
[711/1097] Taeyoung.Methods.RootedSOS.Atlas43ScaledGroupCell025_1: 21.7s, 9.35 GiB, ok, total 4.13h
[712/1097] Taeyoung.Methods.RootedSOS.Atlas43ScaledGroupCell025_2: 21.5s, 9.35 GiB, ok, total 4.14h
[713/1097] Taeyoung.Methods.RootedSOS.Atlas43ScaledGroupCell025_3: 21.0s, 9.22 GiB, ok, total 4.14h
[714/1097] Taeyoung.Methods.RootedSOS.Atlas43ScaledGroupCell026_0: 28.1s, 10.42 GiB, ok, total 4.15h
[715/1097] Taeyoung.Methods.RootedSOS.Atlas43ScaledGroupCell026_1: 28.7s, 10.55 GiB, ok, total 4.16h
[716/1097] Taeyoung.Methods.RootedSOS.Atlas43ScaledGroupCell026_2: 29.1s, 10.58 GiB, ok, total 4.17h
[717/1097] Taeyoung.Methods.RootedSOS.Atlas43ScaledGroupCell026_3: 27.9s, 10.30 GiB, ok, total 4.17h
[718/1097] Taeyoung.Methods.RootedSOS.Atlas43ScaledGroupCell027_0: 25.7s, 9.76 GiB, ok, total 4.18h
[719/1097] Taeyoung.Methods.RootedSOS.Atlas43ScaledGroupCell027_1: 27.2s, 9.84 GiB, ok, total 4.19h
[720/1097] Taeyoung.Methods.RootedSOS.Atlas43ScaledGroupCell027_2: 26.1s, 9.82 GiB, ok, total 4.20h
[721/1097] Taeyoung.Methods.RootedSOS.Atlas43ScaledGroupCell027_3: 26.5s, 9.63 GiB, ok, total 4.20h
[722/1097] Taeyoung.Methods.RootedSOS.Atlas43ScaledGroupCell028_0: 35.7s, 11.09 GiB, ok, total 4.21h
[723/1097] Taeyoung.Methods.RootedSOS.Atlas43ScaledGroupCell028_1: 35.0s, 11.34 GiB, ok, total 4.22h
[724/1097] Taeyoung.Methods.RootedSOS.Atlas43ScaledGroupCell028_2: 34.8s, 11.37 GiB, ok, total 4.23h
[725/1097] Taeyoung.Methods.RootedSOS.Atlas43ScaledGroupCell028_3: 35.4s, 10.96 GiB, ok, total 4.24h
[726/1097] Taeyoung.Methods.RootedSOS.Atlas43ScaledGroupCell029_0: 25.3s, 9.56 GiB, ok, total 4.25h
[727/1097] Taeyoung.Methods.RootedSOS.Atlas43ScaledGroupCell029_1: 24.8s, 9.63 GiB, ok, total 4.26h
[728/1097] Taeyoung.Methods.RootedSOS.Atlas43ScaledGroupCell029_2: 26.5s, 9.63 GiB, ok, total 4.26h
[729/1097] Taeyoung.Methods.RootedSOS.Atlas43ScaledGroupCell029_3: 25.7s, 9.44 GiB, ok, total 4.27h
[730/1097] Taeyoung.Methods.RootedSOS.Atlas43ScaledGroupCell030_0: 31.5s, 10.54 GiB, ok, total 4.28h
[731/1097] Taeyoung.Methods.RootedSOS.Atlas43ScaledGroupCell030_1: 31.2s, 10.68 GiB, ok, total 4.29h
[732/1097] Taeyoung.Methods.RootedSOS.Atlas43ScaledGroupCell030_2: 31.2s, 10.71 GiB, ok, total 4.30h
[733/1097] Taeyoung.Methods.RootedSOS.Atlas43ScaledGroupCell030_3: 30.4s, 10.42 GiB, ok, total 4.31h
[734/1097] Taeyoung.Methods.RootedSOS.Atlas43ScaledGroupCell031_0: 23.6s, 9.35 GiB, ok, total 4.31h
[735/1097] Taeyoung.Methods.RootedSOS.Atlas43ScaledGroupCell031_1: 23.6s, 9.38 GiB, ok, total 4.32h
[736/1097] Taeyoung.Methods.RootedSOS.Atlas43ScaledGroupCell031_2: 23.6s, 9.38 GiB, ok, total 4.33h
[737/1097] Taeyoung.Methods.RootedSOS.Atlas43ScaledGroupCell031_3: 23.2s, 9.23 GiB, ok, total 4.33h
[738/1097] Taeyoung.Methods.RootedSOS.Atlas43ScaledGroupCell032_0: 23.4s, 9.41 GiB, ok, total 4.34h
[739/1097] Taeyoung.Methods.RootedSOS.Atlas43ScaledGroupCell032_1: 24.0s, 9.44 GiB, ok, total 4.35h
[740/1097] Taeyoung.Methods.RootedSOS.Atlas43ScaledGroupCell032_2: 23.8s, 9.44 GiB, ok, total 4.35h
[741/1097] Taeyoung.Methods.RootedSOS.Atlas43ScaledGroupCell032_3: 23.4s, 9.29 GiB, ok, total 4.36h
[742/1097] Taeyoung.Methods.RootedSOS.Atlas43ScaledGroupChecks: 7.7s, 4.63 GiB, ok, total 4.36h
[743/1097] Taeyoung.Methods.RootedSOS.Atlas43RawGroups: 7.2s, 4.60 GiB, ok, total 4.36h
[744/1097] Taeyoung.Methods.RootedSOS.Atlas43CoefficientCell00_0: 7.4s, 4.64 GiB, ok, total 4.37h
[745/1097] Taeyoung.Methods.RootedSOS.Atlas43CoefficientCell00_1: 7.5s, 4.60 GiB, ok, total 4.37h
[746/1097] Taeyoung.Methods.RootedSOS.Atlas43CoefficientCell00_2: 7.2s, 4.60 GiB, ok, total 4.37h
[747/1097] Taeyoung.Methods.RootedSOS.Atlas43CoefficientCell00_3: 7.5s, 4.63 GiB, ok, total 4.37h
[748/1097] Taeyoung.Methods.RootedSOS.Atlas43CoefficientCell00_4: 7.4s, 4.64 GiB, ok, total 4.37h
[749/1097] Taeyoung.Methods.RootedSOS.Atlas43CoefficientCell01_0: 7.7s, 4.60 GiB, ok, total 4.38h
[750/1097] Taeyoung.Methods.RootedSOS.Atlas43CoefficientCell01_1: 7.7s, 4.60 GiB, ok, total 4.38h
[751/1097] Taeyoung.Methods.RootedSOS.Atlas43CoefficientCell01_2: 7.5s, 4.60 GiB, ok, total 4.38h
[752/1097] Taeyoung.Methods.RootedSOS.Atlas43CoefficientCell01_3: 7.2s, 4.60 GiB, ok, total 4.38h
[753/1097] Taeyoung.Methods.RootedSOS.Atlas43CoefficientCell01_4: 7.4s, 4.60 GiB, ok, total 4.38h
[754/1097] Taeyoung.Methods.RootedSOS.Atlas43CoefficientCell02_0: 7.2s, 4.60 GiB, ok, total 4.39h
[755/1097] Taeyoung.Methods.RootedSOS.Atlas43CoefficientCell02_1: 7.5s, 4.60 GiB, ok, total 4.39h
[756/1097] Taeyoung.Methods.RootedSOS.Atlas43CoefficientCell02_2: 7.4s, 4.60 GiB, ok, total 4.39h
[757/1097] Taeyoung.Methods.RootedSOS.Atlas43CoefficientCell02_3: 7.5s, 4.60 GiB, ok, total 4.39h
[758/1097] Taeyoung.Methods.RootedSOS.Atlas43CoefficientCell02_4: 7.4s, 4.60 GiB, ok, total 4.39h
[759/1097] Taeyoung.Methods.RootedSOS.Atlas43CoefficientCell03_0: 7.4s, 4.60 GiB, ok, total 4.40h
[760/1097] Taeyoung.Methods.RootedSOS.Atlas43CoefficientCell03_1: 7.2s, 4.60 GiB, ok, total 4.40h
[761/1097] Taeyoung.Methods.RootedSOS.Atlas43CoefficientCell03_2: 7.5s, 4.60 GiB, ok, total 4.40h
[762/1097] Taeyoung.Methods.RootedSOS.Atlas43CoefficientCell03_3: 7.2s, 4.60 GiB, ok, total 4.40h
[763/1097] Taeyoung.Methods.RootedSOS.Atlas43CoefficientCell03_4: 7.5s, 4.60 GiB, ok, total 4.41h
[764/1097] Taeyoung.Methods.RootedSOS.Atlas43CoefficientCell04_0: 7.5s, 4.60 GiB, ok, total 4.41h
[765/1097] Taeyoung.Methods.RootedSOS.Atlas43CoefficientCell04_1: 7.5s, 4.60 GiB, ok, total 4.41h
[766/1097] Taeyoung.Methods.RootedSOS.Atlas43CoefficientCell04_2: 7.5s, 4.60 GiB, ok, total 4.41h
[767/1097] Taeyoung.Methods.RootedSOS.Atlas43CoefficientCell04_3: 7.5s, 4.60 GiB, ok, total 4.41h
[768/1097] Taeyoung.Methods.RootedSOS.Atlas43CoefficientCell04_4: 7.2s, 4.60 GiB, ok, total 4.42h
[769/1097] Taeyoung.Methods.RootedSOS.Atlas43CoefficientCell05_0: 7.5s, 4.60 GiB, ok, total 4.42h
[770/1097] Taeyoung.Methods.RootedSOS.Atlas43CoefficientCell05_1: 7.5s, 4.60 GiB, ok, total 4.42h
[771/1097] Taeyoung.Methods.RootedSOS.Atlas43CoefficientCell05_2: 7.5s, 4.60 GiB, ok, total 4.42h
[772/1097] Taeyoung.Methods.RootedSOS.Atlas43CoefficientCell05_3: 7.2s, 4.60 GiB, ok, total 4.42h
[773/1097] Taeyoung.Methods.RootedSOS.Atlas43CoefficientCell05_4: 7.4s, 4.60 GiB, ok, total 4.43h
[774/1097] Taeyoung.Methods.RootedSOS.Atlas43CoefficientCell06_0: 7.5s, 4.64 GiB, ok, total 4.43h
[775/1097] Taeyoung.Methods.RootedSOS.Atlas43CoefficientCell06_1: 7.4s, 4.64 GiB, ok, total 4.43h
[776/1097] Taeyoung.Methods.RootedSOS.Atlas43CoefficientCell06_2: 7.5s, 4.64 GiB, ok, total 4.43h
[777/1097] Taeyoung.Methods.RootedSOS.Atlas43CoefficientCell06_3: 7.2s, 4.64 GiB, ok, total 4.43h
[778/1097] Taeyoung.Methods.RootedSOS.Atlas43CoefficientCell06_4: 7.2s, 4.60 GiB, ok, total 4.44h
[779/1097] Taeyoung.Methods.RootedSOS.Atlas43CoefficientCell07_0: 7.2s, 4.64 GiB, ok, total 4.44h
[780/1097] Taeyoung.Methods.RootedSOS.Atlas43CoefficientCell07_1: 7.2s, 4.60 GiB, ok, total 4.44h
[781/1097] Taeyoung.Methods.RootedSOS.Atlas43CoefficientCell07_2: 7.2s, 4.64 GiB, ok, total 4.44h
[782/1097] Taeyoung.Methods.RootedSOS.Atlas43CoefficientCell07_3: 7.7s, 4.60 GiB, ok, total 4.44h
[783/1097] Taeyoung.Methods.RootedSOS.Atlas43CoefficientCell07_4: 7.5s, 4.64 GiB, ok, total 4.45h
[784/1097] Taeyoung.Methods.RootedSOS.Atlas43CoefficientCell08_0: 7.2s, 4.60 GiB, ok, total 4.45h
[785/1097] Taeyoung.Methods.RootedSOS.Atlas43CoefficientCell08_1: 7.5s, 4.60 GiB, ok, total 4.45h
[786/1097] Taeyoung.Methods.RootedSOS.Atlas43CoefficientCell08_2: 7.5s, 4.60 GiB, ok, total 4.45h
[787/1097] Taeyoung.Methods.RootedSOS.Atlas43CoefficientCell08_3: 7.5s, 4.60 GiB, ok, total 4.46h
[788/1097] Taeyoung.Methods.RootedSOS.Atlas43CoefficientCell08_4: 7.7s, 4.61 GiB, ok, total 4.46h
[789/1097] Taeyoung.Methods.RootedSOS.Atlas43CoefficientCell09_0: 7.5s, 4.60 GiB, ok, total 4.46h
[790/1097] Taeyoung.Methods.RootedSOS.Atlas43CoefficientCell09_1: 7.5s, 4.60 GiB, ok, total 4.46h
[791/1097] Taeyoung.Methods.RootedSOS.Atlas43CoefficientCell09_2: 7.7s, 4.60 GiB, ok, total 4.46h
[792/1097] Taeyoung.Methods.RootedSOS.Atlas43CoefficientCell09_3: 7.7s, 4.60 GiB, ok, total 4.47h
[793/1097] Taeyoung.Methods.RootedSOS.Atlas43CoefficientCell09_4: 7.4s, 4.60 GiB, ok, total 4.47h
[794/1097] Taeyoung.Methods.RootedSOS.Atlas43CoefficientCell10_0: 7.2s, 4.60 GiB, ok, total 4.47h
[795/1097] Taeyoung.Methods.RootedSOS.Atlas43CoefficientCell10_1: 7.4s, 4.60 GiB, ok, total 4.47h
[796/1097] Taeyoung.Methods.RootedSOS.Atlas43CoefficientCell10_2: 7.4s, 4.60 GiB, ok, total 4.47h
[797/1097] Taeyoung.Methods.RootedSOS.Atlas43CoefficientCell10_3: 7.7s, 4.60 GiB, ok, total 4.48h
[798/1097] Taeyoung.Methods.RootedSOS.Atlas43CoefficientCell10_4: 7.7s, 4.60 GiB, ok, total 4.48h
[799/1097] Taeyoung.Methods.RootedSOS.Atlas43CoefficientCell11_0: 7.5s, 4.60 GiB, ok, total 4.48h
[800/1097] Taeyoung.Methods.RootedSOS.Atlas43CoefficientCell11_1: 7.7s, 4.60 GiB, ok, total 4.48h
[801/1097] Taeyoung.Methods.RootedSOS.Atlas43CoefficientCell11_2: 7.9s, 4.60 GiB, ok, total 4.48h
[802/1097] Taeyoung.Methods.RootedSOS.Atlas43CoefficientCell11_3: 8.1s, 4.60 GiB, ok, total 4.49h
[803/1097] Taeyoung.Methods.RootedSOS.Atlas43CoefficientCell11_4: 7.2s, 4.59 GiB, ok, total 4.49h
[804/1097] Taeyoung.Methods.RootedSOS.Atlas43CoefficientCell12_0: 7.2s, 4.60 GiB, ok, total 4.49h
[805/1097] Taeyoung.Methods.RootedSOS.Atlas43CoefficientCell12_1: 7.2s, 4.60 GiB, ok, total 4.49h
[806/1097] Taeyoung.Methods.RootedSOS.Atlas43CoefficientCell12_2: 7.2s, 4.60 GiB, ok, total 4.50h
[807/1097] Taeyoung.Methods.RootedSOS.Atlas43CoefficientCell12_3: 7.2s, 4.60 GiB, ok, total 4.50h
[808/1097] Taeyoung.Methods.RootedSOS.Atlas43CoefficientCell12_4: 7.2s, 4.60 GiB, ok, total 4.50h
[809/1097] Taeyoung.Methods.RootedSOS.Atlas43CoefficientCell13_0: 7.2s, 4.60 GiB, ok, total 4.50h
[810/1097] Taeyoung.Methods.RootedSOS.Atlas43CoefficientCell13_1: 7.2s, 4.60 GiB, ok, total 4.50h
[811/1097] Taeyoung.Methods.RootedSOS.Atlas43CoefficientCell13_2: 7.2s, 4.60 GiB, ok, total 4.51h
[812/1097] Taeyoung.Methods.RootedSOS.Atlas43CoefficientCell13_3: 7.2s, 4.60 GiB, ok, total 4.51h
[813/1097] Taeyoung.Methods.RootedSOS.Atlas43CoefficientCell13_4: 7.2s, 4.60 GiB, ok, total 4.51h
[814/1097] Taeyoung.Methods.RootedSOS.Atlas43CoefficientCell14_0: 7.4s, 4.60 GiB, ok, total 4.51h
[815/1097] Taeyoung.Methods.RootedSOS.Atlas43CoefficientCell14_1: 7.2s, 4.60 GiB, ok, total 4.51h
[816/1097] Taeyoung.Methods.RootedSOS.Atlas43CoefficientCell14_2: 7.2s, 4.60 GiB, ok, total 4.52h
[817/1097] Taeyoung.Methods.RootedSOS.Atlas43CoefficientCell14_3: 7.2s, 4.60 GiB, ok, total 4.52h
[818/1097] Taeyoung.Methods.RootedSOS.Atlas43CoefficientCell14_4: 7.2s, 4.60 GiB, ok, total 4.52h
[819/1097] Taeyoung.Methods.RootedSOS.Atlas43CoefficientCell15_0: 7.4s, 4.61 GiB, ok, total 4.52h
[820/1097] Taeyoung.Methods.RootedSOS.Atlas43CoefficientCell15_1: 7.2s, 4.60 GiB, ok, total 4.52h
[821/1097] Taeyoung.Methods.RootedSOS.Atlas43CoefficientCell15_2: 7.2s, 4.60 GiB, ok, total 4.53h
[822/1097] Taeyoung.Methods.RootedSOS.Atlas43CoefficientCell15_3: 7.2s, 4.60 GiB, ok, total 4.53h
[823/1097] Taeyoung.Methods.RootedSOS.Atlas43CoefficientCell15_4: 7.2s, 4.60 GiB, ok, total 4.53h
[824/1097] Taeyoung.Methods.RootedSOS.Atlas43CoefficientCell16_0: 7.2s, 4.60 GiB, ok, total 4.53h
[825/1097] Taeyoung.Methods.RootedSOS.Atlas43CoefficientCell16_1: 7.4s, 4.60 GiB, ok, total 4.53h
[826/1097] Taeyoung.Methods.RootedSOS.Atlas43CoefficientCell16_2: 7.2s, 4.60 GiB, ok, total 4.54h
[827/1097] Taeyoung.Methods.RootedSOS.Atlas43CoefficientCell16_3: 7.4s, 4.61 GiB, ok, total 4.54h
[828/1097] Taeyoung.Methods.RootedSOS.Atlas43CoefficientCell16_4: 7.5s, 4.60 GiB, ok, total 4.54h
[829/1097] Taeyoung.Methods.RootedSOS.Atlas43CoefficientCell17_0: 7.5s, 4.60 GiB, ok, total 4.54h
[830/1097] Taeyoung.Methods.RootedSOS.Atlas43CoefficientCell17_1: 7.4s, 4.60 GiB, ok, total 4.54h
[831/1097] Taeyoung.Methods.RootedSOS.Atlas43CoefficientCell17_2: 7.2s, 4.60 GiB, ok, total 4.55h
[832/1097] Taeyoung.Methods.RootedSOS.Atlas43CoefficientCell17_3: 7.2s, 4.60 GiB, ok, total 4.55h
[833/1097] Taeyoung.Methods.RootedSOS.Atlas43CoefficientCell17_4: 7.2s, 4.60 GiB, ok, total 4.55h
[834/1097] Taeyoung.Methods.RootedSOS.Atlas43CoefficientCell18_0: 7.2s, 4.60 GiB, ok, total 4.55h
[835/1097] Taeyoung.Methods.RootedSOS.Atlas43CoefficientCell18_1: 7.2s, 4.60 GiB, ok, total 4.56h
[836/1097] Taeyoung.Methods.RootedSOS.Atlas43CoefficientCell18_2: 7.2s, 4.60 GiB, ok, total 4.56h
[837/1097] Taeyoung.Methods.RootedSOS.Atlas43CoefficientCell18_3: 7.2s, 4.60 GiB, ok, total 4.56h
[838/1097] Taeyoung.Methods.RootedSOS.Atlas43CoefficientCell18_4: 7.2s, 4.60 GiB, ok, total 4.56h
[839/1097] Taeyoung.Methods.RootedSOS.Atlas43CoefficientCell19_0: 7.2s, 4.60 GiB, ok, total 4.56h
[840/1097] Taeyoung.Methods.RootedSOS.Atlas43CoefficientCell19_1: 7.2s, 4.60 GiB, ok, total 4.57h
[841/1097] Taeyoung.Methods.RootedSOS.Atlas43CoefficientCell19_2: 7.2s, 4.60 GiB, ok, total 4.57h
[842/1097] Taeyoung.Methods.RootedSOS.Atlas43CoefficientCell19_3: 7.2s, 4.60 GiB, ok, total 4.57h
[843/1097] Taeyoung.Methods.RootedSOS.Atlas43CoefficientCell19_4: 7.4s, 4.60 GiB, ok, total 4.57h
[844/1097] Taeyoung.Methods.RootedSOS.Atlas43CoefficientCell20_0: 7.4s, 4.60 GiB, ok, total 4.57h
[845/1097] Taeyoung.Methods.RootedSOS.Atlas43CoefficientCell20_1: 7.9s, 4.60 GiB, ok, total 4.58h
[846/1097] Taeyoung.Methods.RootedSOS.Atlas43CoefficientCell20_2: 7.7s, 4.60 GiB, ok, total 4.58h
[847/1097] Taeyoung.Methods.RootedSOS.Atlas43CoefficientCell20_3: 7.4s, 4.60 GiB, ok, total 4.58h
[848/1097] Taeyoung.Methods.RootedSOS.Atlas43CoefficientCell20_4: 7.7s, 4.60 GiB, ok, total 4.58h
[849/1097] Taeyoung.Methods.RootedSOS.Atlas43CoefficientCell21_0: 7.7s, 4.60 GiB, ok, total 4.58h
[850/1097] Taeyoung.Methods.RootedSOS.Atlas43CoefficientCell21_1: 7.2s, 4.60 GiB, ok, total 4.59h
[851/1097] Taeyoung.Methods.RootedSOS.Atlas43CoefficientCell21_2: 7.2s, 4.60 GiB, ok, total 4.59h
[852/1097] Taeyoung.Methods.RootedSOS.Atlas43CoefficientCell21_3: 7.4s, 4.60 GiB, ok, total 4.59h
[853/1097] Taeyoung.Methods.RootedSOS.Atlas43CoefficientCell21_4: 7.5s, 4.60 GiB, ok, total 4.59h
[854/1097] Taeyoung.Methods.RootedSOS.Atlas43CoefficientCell22_0: 7.5s, 4.60 GiB, ok, total 4.59h
[855/1097] Taeyoung.Methods.RootedSOS.Atlas43CoefficientCell22_1: 7.4s, 4.60 GiB, ok, total 4.60h
[856/1097] Taeyoung.Methods.RootedSOS.Atlas43CoefficientCell22_2: 7.9s, 4.60 GiB, ok, total 4.60h
[857/1097] Taeyoung.Methods.RootedSOS.Atlas43CoefficientCell22_3: 7.5s, 4.60 GiB, ok, total 4.60h
[858/1097] Taeyoung.Methods.RootedSOS.Atlas43CoefficientCell22_4: 7.5s, 4.60 GiB, ok, total 4.60h
[859/1097] Taeyoung.Methods.RootedSOS.Atlas43CoefficientCell23_0: 7.4s, 4.60 GiB, ok, total 4.61h
[860/1097] Taeyoung.Methods.RootedSOS.Atlas43CoefficientCell23_1: 7.4s, 4.60 GiB, ok, total 4.61h
[861/1097] Taeyoung.Methods.RootedSOS.Atlas43CoefficientCell23_2: 7.5s, 4.60 GiB, ok, total 4.61h
[862/1097] Taeyoung.Methods.RootedSOS.Atlas43CoefficientCell23_3: 7.5s, 4.60 GiB, ok, total 4.61h
[863/1097] Taeyoung.Methods.RootedSOS.Atlas43CoefficientCell23_4: 7.5s, 4.60 GiB, ok, total 4.61h
[864/1097] Taeyoung.Methods.RootedSOS.Atlas43CoefficientCell24_0: 7.4s, 4.60 GiB, ok, total 4.62h
[865/1097] Taeyoung.Methods.RootedSOS.Atlas43CoefficientCell24_1: 7.5s, 4.60 GiB, ok, total 4.62h
[866/1097] Taeyoung.Methods.RootedSOS.Atlas43CoefficientCell24_2: 7.5s, 4.60 GiB, ok, total 4.62h
[867/1097] Taeyoung.Methods.RootedSOS.Atlas43CoefficientCell24_3: 7.7s, 4.60 GiB, ok, total 4.62h
[868/1097] Taeyoung.Methods.RootedSOS.Atlas43CoefficientCell24_4: 7.5s, 4.60 GiB, ok, total 4.62h
[869/1097] Taeyoung.Methods.RootedSOS.Atlas43CoefficientCell25_0: 7.2s, 4.60 GiB, ok, total 4.63h
[870/1097] Taeyoung.Methods.RootedSOS.Atlas43CoefficientCell25_1: 7.2s, 4.60 GiB, ok, total 4.63h
[871/1097] Taeyoung.Methods.RootedSOS.Atlas43CoefficientCell25_2: 7.2s, 4.60 GiB, ok, total 4.63h
[872/1097] Taeyoung.Methods.RootedSOS.Atlas43CoefficientCell25_3: 7.5s, 4.61 GiB, ok, total 4.63h
[873/1097] Taeyoung.Methods.RootedSOS.Atlas43CoefficientCell25_4: 7.2s, 4.60 GiB, ok, total 4.63h
[874/1097] Taeyoung.Methods.RootedSOS.Atlas43CoefficientCell26_0: 7.2s, 4.60 GiB, ok, total 4.64h
[875/1097] Taeyoung.Methods.RootedSOS.Atlas43CoefficientCell26_1: 7.2s, 4.60 GiB, ok, total 4.64h
[876/1097] Taeyoung.Methods.RootedSOS.Atlas43CoefficientCell26_2: 7.2s, 4.60 GiB, ok, total 4.64h
[877/1097] Taeyoung.Methods.RootedSOS.Atlas43CoefficientCell26_3: 9.3s, 4.59 GiB, ok, total 4.64h
[878/1097] Taeyoung.Methods.RootedSOS.Atlas43CoefficientCell26_4: 7.4s, 4.60 GiB, ok, total 4.65h
[879/1097] Taeyoung.Methods.RootedSOS.Atlas43CoefficientCell27_0: 7.2s, 4.60 GiB, ok, total 4.65h
[880/1097] Taeyoung.Methods.RootedSOS.Atlas43CoefficientCell27_1: 7.4s, 4.60 GiB, ok, total 4.65h
[881/1097] Taeyoung.Methods.RootedSOS.Atlas43CoefficientCell27_2: 7.2s, 4.60 GiB, ok, total 4.65h
[882/1097] Taeyoung.Methods.RootedSOS.Atlas43CoefficientCell27_3: 7.5s, 4.60 GiB, ok, total 4.65h
[883/1097] Taeyoung.Methods.RootedSOS.Atlas43CoefficientCell27_4: 7.2s, 4.60 GiB, ok, total 4.66h
[884/1097] Taeyoung.Methods.RootedSOS.Atlas43CoefficientCell28_0: 7.2s, 4.60 GiB, ok, total 4.66h
[885/1097] Taeyoung.Methods.RootedSOS.Atlas43CoefficientCell28_1: 7.2s, 4.60 GiB, ok, total 4.66h
[886/1097] Taeyoung.Methods.RootedSOS.Atlas43CoefficientCell28_2: 7.5s, 4.60 GiB, ok, total 4.66h
[887/1097] Taeyoung.Methods.RootedSOS.Atlas43CoefficientCell28_3: 7.5s, 4.60 GiB, ok, total 4.66h
[888/1097] Taeyoung.Methods.RootedSOS.Atlas43CoefficientCell28_4: 7.5s, 4.60 GiB, ok, total 4.67h
[889/1097] Taeyoung.Methods.RootedSOS.Atlas43CoefficientCell29_0: 7.2s, 4.60 GiB, ok, total 4.67h
[890/1097] Taeyoung.Methods.RootedSOS.Atlas43CoefficientCell29_1: 7.2s, 4.60 GiB, ok, total 4.67h
[891/1097] Taeyoung.Methods.RootedSOS.Atlas43CoefficientCell29_2: 7.2s, 4.60 GiB, ok, total 4.67h
[892/1097] Taeyoung.Methods.RootedSOS.Atlas43CoefficientCell29_3: 7.5s, 4.61 GiB, ok, total 4.67h
[893/1097] Taeyoung.Methods.RootedSOS.Atlas43CoefficientCell29_4: 7.4s, 4.60 GiB, ok, total 4.68h
[894/1097] Taeyoung.Methods.RootedSOS.Atlas43CoefficientCell30_0: 7.2s, 4.60 GiB, ok, total 4.68h
[895/1097] Taeyoung.Methods.RootedSOS.Atlas43CoefficientCell30_1: 7.2s, 4.60 GiB, ok, total 4.68h
[896/1097] Taeyoung.Methods.RootedSOS.Atlas43CoefficientCell30_2: 7.5s, 4.60 GiB, ok, total 4.68h
[897/1097] Taeyoung.Methods.RootedSOS.Atlas43CoefficientCell30_3: 7.2s, 4.60 GiB, ok, total 4.68h
[898/1097] Taeyoung.Methods.RootedSOS.Atlas43CoefficientCell30_4: 7.2s, 4.60 GiB, ok, total 4.69h
[899/1097] Taeyoung.Methods.RootedSOS.Atlas43CoefficientCell31_0: 7.5s, 4.60 GiB, ok, total 4.69h
[900/1097] Taeyoung.Methods.RootedSOS.Atlas43CoefficientCell31_1: 7.2s, 4.60 GiB, ok, total 4.69h
[901/1097] Taeyoung.Methods.RootedSOS.Atlas43CoefficientCell31_2: 7.7s, 4.60 GiB, ok, total 4.69h
[902/1097] Taeyoung.Methods.RootedSOS.Atlas43CoefficientCell31_3: 7.7s, 4.60 GiB, ok, total 4.70h
[903/1097] Taeyoung.Methods.RootedSOS.Atlas43CoefficientCell31_4: 7.9s, 4.60 GiB, ok, total 4.70h
[904/1097] Taeyoung.Methods.RootedSOS.Atlas43CoefficientCell32_0: 7.7s, 4.60 GiB, ok, total 4.70h
[905/1097] Taeyoung.Methods.RootedSOS.Atlas43CoefficientCell32_1: 7.7s, 4.60 GiB, ok, total 4.70h
[906/1097] Taeyoung.Methods.RootedSOS.Atlas43CoefficientCell32_2: 7.2s, 4.60 GiB, ok, total 4.70h
[907/1097] Taeyoung.Methods.RootedSOS.Atlas43CoefficientCell32_3: 7.7s, 4.60 GiB, ok, total 4.71h
[908/1097] Taeyoung.Methods.RootedSOS.Atlas43CoefficientCell32_4: 7.4s, 4.60 GiB, ok, total 4.71h
[909/1097] Taeyoung.Methods.RootedSOS.Atlas43CoefficientCell33_0: 7.0s, 4.60 GiB, ok, total 4.71h
[910/1097] Taeyoung.Methods.RootedSOS.Atlas43CoefficientCell33_1: 7.0s, 4.60 GiB, ok, total 4.71h
[911/1097] Taeyoung.Methods.RootedSOS.Atlas43CoefficientCell33_2: 7.2s, 4.60 GiB, ok, total 4.71h
[912/1097] Taeyoung.Methods.RootedSOS.Atlas43CoefficientCell33_3: 7.2s, 4.60 GiB, ok, total 4.72h
[913/1097] Taeyoung.Methods.RootedSOS.Atlas43CoefficientCell33_4: 7.2s, 4.60 GiB, ok, total 4.72h
[914/1097] Taeyoung.Methods.RootedSOS.Atlas43CoefficientCell34_0: 7.2s, 4.62 GiB, ok, total 4.72h
[915/1097] Taeyoung.Methods.RootedSOS.Atlas43CoefficientCell34_1: 7.2s, 4.60 GiB, ok, total 4.72h
[916/1097] Taeyoung.Methods.RootedSOS.Atlas43CoefficientCell34_2: 7.0s, 4.60 GiB, ok, total 4.72h
[917/1097] Taeyoung.Methods.RootedSOS.Atlas43CoefficientCell34_3: 7.2s, 4.60 GiB, ok, total 4.73h
[918/1097] Taeyoung.Methods.RootedSOS.Atlas43CoefficientCell34_4: 7.2s, 4.60 GiB, ok, total 4.73h
[919/1097] Taeyoung.Methods.RootedSOS.Atlas43CoefficientCell35_0: 7.2s, 4.60 GiB, ok, total 4.73h
[920/1097] Taeyoung.Methods.RootedSOS.Atlas43CoefficientCell35_1: 7.2s, 4.63 GiB, ok, total 4.73h
[921/1097] Taeyoung.Methods.RootedSOS.Atlas43CoefficientCell35_2: 7.2s, 4.64 GiB, ok, total 4.73h
[922/1097] Taeyoung.Methods.RootedSOS.Atlas43CoefficientCell35_3: 7.0s, 4.60 GiB, ok, total 4.74h
[923/1097] Taeyoung.Methods.RootedSOS.Atlas43CoefficientCell35_4: 7.2s, 4.60 GiB, ok, total 4.74h
[924/1097] Taeyoung.Methods.RootedSOS.Atlas43CoefficientCell36_0: 7.2s, 4.60 GiB, ok, total 4.74h
[925/1097] Taeyoung.Methods.RootedSOS.Atlas43CoefficientCell36_1: 7.2s, 4.64 GiB, ok, total 4.74h
[926/1097] Taeyoung.Methods.RootedSOS.Atlas43CoefficientCell36_2: 7.0s, 4.60 GiB, ok, total 4.74h
[927/1097] Taeyoung.Methods.RootedSOS.Atlas43CoefficientCell36_3: 7.2s, 4.60 GiB, ok, total 4.75h
[928/1097] Taeyoung.Methods.RootedSOS.Atlas43CoefficientCell36_4: 7.2s, 4.60 GiB, ok, total 4.75h
[929/1097] Taeyoung.Methods.RootedSOS.Atlas43CoefficientCell37_0: 7.0s, 4.60 GiB, ok, total 4.75h
[930/1097] Taeyoung.Methods.RootedSOS.Atlas43CoefficientCell37_1: 7.2s, 4.64 GiB, ok, total 4.75h
[931/1097] Taeyoung.Methods.RootedSOS.Atlas43CoefficientCell37_2: 7.2s, 4.64 GiB, ok, total 4.75h
[932/1097] Taeyoung.Methods.RootedSOS.Atlas43CoefficientCell37_3: 7.0s, 4.60 GiB, ok, total 4.76h
[933/1097] Taeyoung.Methods.RootedSOS.Atlas43CoefficientCell37_4: 7.2s, 4.60 GiB, ok, total 4.76h
[934/1097] Taeyoung.Methods.RootedSOS.Atlas43CoefficientCell38_0: 7.2s, 4.63 GiB, ok, total 4.76h
[935/1097] Taeyoung.Methods.RootedSOS.Atlas43CoefficientCell38_1: 7.2s, 4.63 GiB, ok, total 4.76h
[936/1097] Taeyoung.Methods.RootedSOS.Atlas43CoefficientCell38_2: 7.0s, 4.60 GiB, ok, total 4.76h
[937/1097] Taeyoung.Methods.RootedSOS.Atlas43CoefficientCell38_3: 7.2s, 4.60 GiB, ok, total 4.77h
[938/1097] Taeyoung.Methods.RootedSOS.Atlas43CoefficientCell38_4: 7.2s, 4.63 GiB, ok, total 4.77h
[939/1097] Taeyoung.Methods.RootedSOS.Atlas43CoefficientCell39_0: 7.2s, 4.60 GiB, ok, total 4.77h
[940/1097] Taeyoung.Methods.RootedSOS.Atlas43CoefficientCell39_1: 7.2s, 4.60 GiB, ok, total 4.77h
[941/1097] Taeyoung.Methods.RootedSOS.Atlas43CoefficientCell39_2: 7.2s, 4.60 GiB, ok, total 4.77h
[942/1097] Taeyoung.Methods.RootedSOS.Atlas43CoefficientCell39_3: 7.2s, 4.60 GiB, ok, total 4.78h
[943/1097] Taeyoung.Methods.RootedSOS.Atlas43CoefficientCell39_4: 7.2s, 4.60 GiB, ok, total 4.78h
[944/1097] Taeyoung.Methods.RootedSOS.Atlas43CoefficientCell40_0: 7.2s, 4.63 GiB, ok, total 4.78h
[945/1097] Taeyoung.Methods.RootedSOS.Atlas43CoefficientCell40_1: 7.2s, 4.63 GiB, ok, total 4.78h
[946/1097] Taeyoung.Methods.RootedSOS.Atlas43CoefficientCell40_2: 7.0s, 4.60 GiB, ok, total 4.79h
[947/1097] Taeyoung.Methods.RootedSOS.Atlas43CoefficientCell40_3: 7.2s, 4.60 GiB, ok, total 4.79h
[948/1097] Taeyoung.Methods.RootedSOS.Atlas43CoefficientCell40_4: 7.2s, 4.60 GiB, ok, total 4.79h
[949/1097] Taeyoung.Methods.RootedSOS.Atlas43CoefficientCell41_0: 7.2s, 4.64 GiB, ok, total 4.79h
[950/1097] Taeyoung.Methods.RootedSOS.Atlas43CoefficientCell41_1: 7.2s, 4.64 GiB, ok, total 4.79h
[951/1097] Taeyoung.Methods.RootedSOS.Atlas43CoefficientCell41_2: 7.2s, 4.64 GiB, ok, total 4.80h
[952/1097] Taeyoung.Methods.RootedSOS.Atlas43CoefficientCell41_3: 7.2s, 4.64 GiB, ok, total 4.80h
[953/1097] Taeyoung.Methods.RootedSOS.Atlas43CoefficientCell41_4: 7.2s, 4.60 GiB, ok, total 4.80h
[954/1097] Taeyoung.Methods.RootedSOS.Atlas43CoefficientCell42_0: 7.2s, 4.63 GiB, ok, total 4.80h
[955/1097] Taeyoung.Methods.RootedSOS.Atlas43CoefficientCell42_1: 7.2s, 4.64 GiB, ok, total 4.80h
[956/1097] Taeyoung.Methods.RootedSOS.Atlas43CoefficientCell42_2: 7.2s, 4.63 GiB, ok, total 4.81h
[957/1097] Taeyoung.Methods.RootedSOS.Atlas43CoefficientCell42_3: 7.2s, 4.64 GiB, ok, total 4.81h
[958/1097] Taeyoung.Methods.RootedSOS.Atlas43CoefficientCell42_4: 7.2s, 4.63 GiB, ok, total 4.81h
[959/1097] Taeyoung.Methods.RootedSOS.Atlas43CoefficientCell43_0: 7.2s, 4.63 GiB, ok, total 4.81h
[960/1097] Taeyoung.Methods.RootedSOS.Atlas43CoefficientCell43_1: 7.2s, 4.64 GiB, ok, total 4.81h
[961/1097] Taeyoung.Methods.RootedSOS.Atlas43CoefficientCell43_2: 7.2s, 4.64 GiB, ok, total 4.82h
[962/1097] Taeyoung.Methods.RootedSOS.Atlas43CoefficientCell43_3: 7.2s, 4.63 GiB, ok, total 4.82h
[963/1097] Taeyoung.Methods.RootedSOS.Atlas43CoefficientCell43_4: 7.0s, 4.60 GiB, ok, total 4.82h
[964/1097] Taeyoung.Methods.RootedSOS.Atlas43CoefficientCell44_0: 7.0s, 4.60 GiB, ok, total 4.82h
[965/1097] Taeyoung.Methods.RootedSOS.Atlas43CoefficientCell44_1: 7.2s, 4.64 GiB, ok, total 4.82h
[966/1097] Taeyoung.Methods.RootedSOS.Atlas43CoefficientCell44_2: 7.2s, 4.64 GiB, ok, total 4.83h
[967/1097] Taeyoung.Methods.RootedSOS.Atlas43CoefficientCell44_3: 7.2s, 4.64 GiB, ok, total 4.83h
[968/1097] Taeyoung.Methods.RootedSOS.Atlas43CoefficientCell44_4: 7.2s, 4.64 GiB, ok, total 4.83h
[969/1097] Taeyoung.Methods.RootedSOS.Atlas43CoefficientCell45_0: 7.2s, 4.64 GiB, ok, total 4.83h
[970/1097] Taeyoung.Methods.RootedSOS.Atlas43CoefficientCell45_1: 7.2s, 4.64 GiB, ok, total 4.83h
[971/1097] Taeyoung.Methods.RootedSOS.Atlas43CoefficientCell45_2: 7.2s, 4.64 GiB, ok, total 4.84h
[972/1097] Taeyoung.Methods.RootedSOS.Atlas43CoefficientCell45_3: 7.2s, 4.64 GiB, ok, total 4.84h
[973/1097] Taeyoung.Methods.RootedSOS.Atlas43CoefficientCell45_4: 7.2s, 4.64 GiB, ok, total 4.84h
[974/1097] Taeyoung.Methods.RootedSOS.Atlas43CoefficientCell46_0: 7.2s, 4.64 GiB, ok, total 4.84h
[975/1097] Taeyoung.Methods.RootedSOS.Atlas43CoefficientCell46_1: 7.2s, 4.64 GiB, ok, total 4.84h
[976/1097] Taeyoung.Methods.RootedSOS.Atlas43CoefficientCell46_2: 7.2s, 4.64 GiB, ok, total 4.85h
[977/1097] Taeyoung.Methods.RootedSOS.Atlas43CoefficientCell46_3: 7.2s, 4.64 GiB, ok, total 4.85h
[978/1097] Taeyoung.Methods.RootedSOS.Atlas43CoefficientCell46_4: 7.2s, 4.61 GiB, ok, total 4.85h
[979/1097] Taeyoung.Methods.RootedSOS.Atlas43CoefficientCell47_0: 7.2s, 4.63 GiB, ok, total 4.85h
[980/1097] Taeyoung.Methods.RootedSOS.Atlas43CoefficientCell47_1: 7.2s, 4.63 GiB, ok, total 4.85h
[981/1097] Taeyoung.Methods.RootedSOS.Atlas43CoefficientCell47_2: 7.2s, 4.60 GiB, ok, total 4.86h
[982/1097] Taeyoung.Methods.RootedSOS.Atlas43CoefficientCell47_3: 7.2s, 4.64 GiB, ok, total 4.86h
[983/1097] Taeyoung.Methods.RootedSOS.Atlas43CoefficientCell47_4: 7.2s, 4.63 GiB, ok, total 4.86h
[984/1097] Taeyoung.Methods.RootedSOS.Atlas43CoefficientCell48_0: 7.0s, 4.60 GiB, ok, total 4.86h
[985/1097] Taeyoung.Methods.RootedSOS.Atlas43CoefficientCell48_1: 7.2s, 4.63 GiB, ok, total 4.86h
[986/1097] Taeyoung.Methods.RootedSOS.Atlas43CoefficientCell48_2: 7.2s, 4.64 GiB, ok, total 4.87h
[987/1097] Taeyoung.Methods.RootedSOS.Atlas43CoefficientCell48_3: 7.2s, 4.64 GiB, ok, total 4.87h
[988/1097] Taeyoung.Methods.RootedSOS.Atlas43CoefficientCell48_4: 7.2s, 4.63 GiB, ok, total 4.87h
[989/1097] Taeyoung.Methods.RootedSOS.Atlas43CoefficientCell49_0: 7.2s, 4.64 GiB, ok, total 4.87h
[990/1097] Taeyoung.Methods.RootedSOS.Atlas43CoefficientCell49_1: 7.2s, 4.63 GiB, ok, total 4.87h
[991/1097] Taeyoung.Methods.RootedSOS.Atlas43CoefficientCell49_2: 7.2s, 4.64 GiB, ok, total 4.88h
[992/1097] Taeyoung.Methods.RootedSOS.Atlas43CoefficientCell49_3: 7.2s, 4.64 GiB, ok, total 4.88h
[993/1097] Taeyoung.Methods.RootedSOS.Atlas43CoefficientCell49_4: 7.2s, 4.64 GiB, ok, total 4.88h
[994/1097] Taeyoung.Methods.RootedSOS.Atlas43CoefficientCell50_0: 7.2s, 4.64 GiB, ok, total 4.88h
[995/1097] Taeyoung.Methods.RootedSOS.Atlas43CoefficientCell50_1: 7.2s, 4.64 GiB, ok, total 4.88h
[996/1097] Taeyoung.Methods.RootedSOS.Atlas43CoefficientCell50_2: 7.2s, 4.64 GiB, ok, total 4.89h
[997/1097] Taeyoung.Methods.RootedSOS.Atlas43CoefficientCell50_3: 7.2s, 4.64 GiB, ok, total 4.89h
[998/1097] Taeyoung.Methods.RootedSOS.Atlas43CoefficientCell50_4: 7.2s, 4.64 GiB, ok, total 4.89h
[999/1097] Taeyoung.Methods.RootedSOS.Atlas43CoefficientCell51_0: 7.2s, 4.64 GiB, ok, total 4.89h
[1000/1097] Taeyoung.Methods.RootedSOS.Atlas43CoefficientCell51_1: 7.2s, 4.63 GiB, ok, total 4.90h
[1001/1097] Taeyoung.Methods.RootedSOS.Atlas43CoefficientCell51_2: 7.2s, 4.64 GiB, ok, total 4.90h
[1002/1097] Taeyoung.Methods.RootedSOS.Atlas43CoefficientCell51_3: 7.2s, 4.64 GiB, ok, total 4.90h
[1003/1097] Taeyoung.Methods.RootedSOS.Atlas43CoefficientCell51_4: 7.2s, 4.64 GiB, ok, total 4.90h
[1004/1097] Taeyoung.Methods.RootedSOS.Atlas43CoefficientCell52_0: 7.0s, 4.60 GiB, ok, total 4.90h
[1005/1097] Taeyoung.Methods.RootedSOS.Atlas43CoefficientCell52_1: 7.2s, 4.60 GiB, ok, total 4.91h
[1006/1097] Taeyoung.Methods.RootedSOS.Atlas43CoefficientCell52_2: 7.2s, 4.60 GiB, ok, total 4.91h
[1007/1097] Taeyoung.Methods.RootedSOS.Atlas43CoefficientCell52_3: 7.2s, 4.60 GiB, ok, total 4.91h
[1008/1097] Taeyoung.Methods.RootedSOS.Atlas43CoefficientCell52_4: 7.2s, 4.60 GiB, ok, total 4.91h
[1009/1097] Taeyoung.Methods.RootedSOS.Atlas43CoefficientChecks: 7.4s, 4.64 GiB, ok, total 4.91h
[1010/1097] Taeyoung.Methods.RootedSOS.Atlas43PartitionRow00: 8.5s, 4.95 GiB, ok, total 4.92h
[1011/1097] Taeyoung.Methods.RootedSOS.Atlas43PartitionRow01: 8.7s, 5.00 GiB, ok, total 4.92h
[1012/1097] Taeyoung.Methods.RootedSOS.Atlas43PartitionRow02: 8.7s, 5.00 GiB, ok, total 4.92h
[1013/1097] Taeyoung.Methods.RootedSOS.Atlas43PartitionRow03: 8.7s, 5.03 GiB, ok, total 4.92h
[1014/1097] Taeyoung.Methods.RootedSOS.Atlas43PartitionRow04: 8.7s, 5.00 GiB, ok, total 4.93h
[1015/1097] Taeyoung.Methods.RootedSOS.Atlas43PartitionRow05: 8.9s, 5.03 GiB, ok, total 4.93h
[1016/1097] Taeyoung.Methods.RootedSOS.Atlas43PartitionRow06: 8.9s, 5.03 GiB, ok, total 4.93h
[1017/1097] Taeyoung.Methods.RootedSOS.Atlas43PartitionRow07: 9.1s, 5.09 GiB, ok, total 4.93h
[1018/1097] Taeyoung.Methods.RootedSOS.Atlas43PartitionRow08: 8.7s, 5.00 GiB, ok, total 4.94h
[1019/1097] Taeyoung.Methods.RootedSOS.Atlas43PartitionRow09: 8.9s, 5.03 GiB, ok, total 4.94h
[1020/1097] Taeyoung.Methods.RootedSOS.Atlas43PartitionRow10: 8.9s, 5.03 GiB, ok, total 4.94h
[1021/1097] Taeyoung.Methods.RootedSOS.Atlas43PartitionRow11: 9.1s, 5.06 GiB, ok, total 4.94h
[1022/1097] Taeyoung.Methods.RootedSOS.Atlas43PartitionRow12: 8.9s, 5.03 GiB, ok, total 4.95h
[1023/1097] Taeyoung.Methods.RootedSOS.Atlas43PartitionRow13: 9.1s, 5.09 GiB, ok, total 4.95h
[1024/1097] Taeyoung.Methods.RootedSOS.Atlas43PartitionRow14: 9.1s, 5.09 GiB, ok, total 4.95h
[1025/1097] Taeyoung.Methods.RootedSOS.Atlas43PartitionRow15: 9.3s, 5.12 GiB, ok, total 4.95h
[1026/1097] Taeyoung.Methods.RootedSOS.Atlas43PartitionRow16: 8.7s, 5.00 GiB, ok, total 4.96h
[1027/1097] Taeyoung.Methods.RootedSOS.Atlas43PartitionRow17: 8.9s, 5.03 GiB, ok, total 4.96h
[1028/1097] Taeyoung.Methods.RootedSOS.Atlas43PartitionRow18: 8.9s, 5.03 GiB, ok, total 4.96h
[1029/1097] Taeyoung.Methods.RootedSOS.Atlas43PartitionRow19: 9.1s, 5.09 GiB, ok, total 4.96h
[1030/1097] Taeyoung.Methods.RootedSOS.Atlas43PartitionRow20: 8.9s, 5.03 GiB, ok, total 4.97h
[1031/1097] Taeyoung.Methods.RootedSOS.Atlas43PartitionRow21: 9.1s, 5.09 GiB, ok, total 4.97h
[1032/1097] Taeyoung.Methods.RootedSOS.Atlas43PartitionRow22: 9.1s, 5.09 GiB, ok, total 4.97h
[1033/1097] Taeyoung.Methods.RootedSOS.Atlas43PartitionRow23: 9.3s, 5.12 GiB, ok, total 4.97h
[1034/1097] Taeyoung.Methods.RootedSOS.Atlas43PartitionRow24: 8.9s, 5.03 GiB, ok, total 4.98h
[1035/1097] Taeyoung.Methods.RootedSOS.Atlas43PartitionRow25: 9.1s, 5.09 GiB, ok, total 4.98h
[1036/1097] Taeyoung.Methods.RootedSOS.Atlas43PartitionRow26: 9.1s, 5.09 GiB, ok, total 4.98h
[1037/1097] Taeyoung.Methods.RootedSOS.Atlas43PartitionRow27: 9.3s, 5.12 GiB, ok, total 4.98h
[1038/1097] Taeyoung.Methods.RootedSOS.Atlas43PartitionRow28: 9.1s, 5.09 GiB, ok, total 4.99h
[1039/1097] Taeyoung.Methods.RootedSOS.Atlas43PartitionRow29: 9.3s, 5.12 GiB, ok, total 4.99h
[1040/1097] Taeyoung.Methods.RootedSOS.Atlas43PartitionRow30: 9.3s, 5.12 GiB, ok, total 4.99h
[1041/1097] Taeyoung.Methods.RootedSOS.Atlas43PartitionRow31: 9.5s, 5.18 GiB, ok, total 4.99h
[1042/1097] Taeyoung.Methods.RootedSOS.Atlas43PartitionRow32: 8.5s, 5.00 GiB, ok, total 5.00h
[1043/1097] Taeyoung.Methods.RootedSOS.Atlas43PartitionRow33: 8.6s, 5.03 GiB, ok, total 5.00h
[1044/1097] Taeyoung.Methods.RootedSOS.Atlas43PartitionRow34: 8.6s, 5.03 GiB, ok, total 5.00h
[1045/1097] Taeyoung.Methods.RootedSOS.Atlas43PartitionRow35: 8.9s, 5.09 GiB, ok, total 5.00h
[1046/1097] Taeyoung.Methods.RootedSOS.Atlas43PartitionRow36: 8.7s, 5.03 GiB, ok, total 5.01h
[1047/1097] Taeyoung.Methods.RootedSOS.Atlas43PartitionRow37: 8.9s, 5.09 GiB, ok, total 5.01h
[1048/1097] Taeyoung.Methods.RootedSOS.Atlas43PartitionRow38: 8.9s, 5.09 GiB, ok, total 5.01h
[1049/1097] Taeyoung.Methods.RootedSOS.Atlas43PartitionRow39: 9.1s, 5.12 GiB, ok, total 5.01h
[1050/1097] Taeyoung.Methods.RootedSOS.Atlas43PartitionRow40: 8.7s, 5.06 GiB, ok, total 5.02h
[1051/1097] Taeyoung.Methods.RootedSOS.Atlas43PartitionRow41: 8.9s, 5.09 GiB, ok, total 5.02h
[1052/1097] Taeyoung.Methods.RootedSOS.Atlas43PartitionRow42: 8.9s, 5.09 GiB, ok, total 5.02h
[1053/1097] Taeyoung.Methods.RootedSOS.Atlas43PartitionRow43: 9.3s, 5.12 GiB, ok, total 5.02h
[1054/1097] Taeyoung.Methods.RootedSOS.Atlas43PartitionRow44: 9.3s, 5.09 GiB, ok, total 5.03h
[1055/1097] Taeyoung.Methods.RootedSOS.Atlas43PartitionRow45: 9.3s, 5.12 GiB, ok, total 5.03h
[1056/1097] Taeyoung.Methods.RootedSOS.Atlas43PartitionRow46: 9.5s, 5.12 GiB, ok, total 5.03h
[1057/1097] Taeyoung.Methods.RootedSOS.Atlas43PartitionRow47: 9.5s, 5.19 GiB, ok, total 5.03h
[1058/1097] Taeyoung.Methods.RootedSOS.Atlas43PartitionRow48: 9.3s, 5.06 GiB, ok, total 5.04h
[1059/1097] Taeyoung.Methods.RootedSOS.Atlas43PartitionRow49: 9.9s, 5.09 GiB, ok, total 5.04h
[1060/1097] Taeyoung.Methods.RootedSOS.Atlas43PartitionRow50: 9.5s, 5.09 GiB, ok, total 5.04h
[1061/1097] Taeyoung.Methods.RootedSOS.Atlas43PartitionRow51: 9.7s, 5.12 GiB, ok, total 5.05h
[1062/1097] Taeyoung.Methods.RootedSOS.Atlas43PartitionRow52: 9.7s, 5.09 GiB, ok, total 5.05h
[1063/1097] Taeyoung.Methods.RootedSOS.Atlas43PartitionRow53: 9.7s, 5.12 GiB, ok, total 5.05h
[1064/1097] Taeyoung.Methods.RootedSOS.Atlas43PartitionRow54: 9.5s, 5.12 GiB, ok, total 5.05h
[1065/1097] Taeyoung.Methods.RootedSOS.Atlas43PartitionRow55: 9.9s, 5.18 GiB, ok, total 5.06h
[1066/1097] Taeyoung.Methods.RootedSOS.Atlas43PartitionRow56: 9.3s, 5.09 GiB, ok, total 5.06h
[1067/1097] Taeyoung.Methods.RootedSOS.Atlas43PartitionRow57: 9.3s, 5.12 GiB, ok, total 5.06h
[1068/1097] Taeyoung.Methods.RootedSOS.Atlas43PartitionRow58: 9.5s, 5.12 GiB, ok, total 5.06h
[1069/1097] Taeyoung.Methods.RootedSOS.Atlas43PartitionRow59: 9.5s, 5.18 GiB, ok, total 5.07h
[1070/1097] Taeyoung.Methods.RootedSOS.Atlas43PartitionRow60: 9.3s, 5.12 GiB, ok, total 5.07h
[1071/1097] Taeyoung.Methods.RootedSOS.Atlas43PartitionRow61: 9.5s, 5.18 GiB, ok, total 5.07h
[1072/1097] Taeyoung.Methods.RootedSOS.Atlas43PartitionRow62: 9.5s, 5.18 GiB, ok, total 5.07h
[1073/1097] Taeyoung.Methods.RootedSOS.Atlas43PartitionRow63: 10.1s, 5.22 GiB, ok, total 5.08h
[1074/1097] Taeyoung.Methods.RootedSOS.Atlas43PartitionChecks: 7.9s, 4.62 GiB, ok, total 5.08h
[1075/1097] Taeyoung.Methods.RootedSOS.Atlas43CoefficientProof: 20.7s, 4.93 GiB, ok, total 5.09h
[1076/1097] Taeyoung.Methods.RootedSOS.Atlas43: 8.0s, 4.62 GiB, ok, total 5.09h
[1077/1097] Taeyoung.Examples.Graph043: 6.8s, 4.39 GiB, ok, total 5.09h
[1078/1097] Taeyoung.Methods.Link.WeightedGoodman: 9.5s, 4.43 GiB, ok, total 5.09h
[1079/1097] Taeyoung.Methods.Link.Tilt: 7.6s, 4.36 GiB, ok, total 5.09h
[1080/1097] Taeyoung.Methods.Link.Cone: 7.4s, 4.37 GiB, ok, total 5.10h
[1081/1097] Taeyoung.Methods.PureChordal.CliquePolynomial: 5.2s, 3.07 GiB, ok, total 5.10h
[1082/1097] Taeyoung.Methods.CliqueLeaf.CliqueTangent: 6.8s, 3.15 GiB, ok, total 5.10h
[1083/1097] Taeyoung.Methods.PureChordal.WeightedCauchySchwarz: 7.4s, 4.29 GiB, ok, total 5.10h
[1084/1097] Taeyoung.Methods.PureChordal.CliqueMoments: 8.3s, 4.40 GiB, ok, total 5.10h
[1085/1097] Taeyoung.Methods.PureChordal.ProductInequalities: 5.4s, 3.09 GiB, ok, total 5.11h
[1086/1097] Taeyoung.Methods.PureChordal.IntegratedCube: 7.2s, 4.29 GiB, ok, total 5.11h
[1087/1097] Taeyoung.Methods.PureChordal.MoonMoser: 9.3s, 5.02 GiB, ok, total 5.11h
[1088/1097] Taeyoung.Methods.PureChordal.CliquePolynomialBound: 10.1s, 5.02 GiB, ok, total 5.11h
[1089/1097] Taeyoung.Methods.Chromatic.PawExample: 7.2s, 4.39 GiB, ok, total 5.12h
[1090/1097] Taeyoung.Methods.RootedTriangleTree.Paw: 8.7s, 4.43 GiB, ok, total 5.12h
[1091/1097] Taeyoung.Methods.CliqueLeaf.Density: 10.1s, 5.08 GiB, ok, total 5.12h
[1092/1097] Taeyoung.Methods.ConeBound: 8.7s, 5.05 GiB, ok, total 5.12h
[1093/1097] Taeyoung.Methods.AffineProduct: 7.2s, 3.48 GiB, ok, total 5.13h
[1094/1097] Taeyoung.Methods.BaseCone: 9.1s, 5.05 GiB, ok, total 5.13h
[1095/1097] Taeyoung.Methods.Link.ConeChromatic: 7.5s, 4.39 GiB, ok, total 5.13h
[1096/1097] Taeyoung.Methods.RootedSOS.Atlas196: 10.8s, 5.32 GiB, ok, total 5.13h
[1097/1097] Taeyoung.Examples.Graph196: 7.0s, 4.39 GiB, ok, total 5.14h
ALL DONE in 5.14h
