Taeyoung\Methods\RootedSOS\Induced\Six\FlatBlocks.lean:57:2: error: Type mismatch
  Fin.castAdd ?m.8 (finProdFinEquiv (a, b))
has type
  Fin (4 * 4 + ?m.8)
but is expected to have type
  Fin 3632
Taeyoung\Methods\RootedSOS\Induced\Six\FlatBlocks.lean:60:8: warning: declaration uses `sorry`
Taeyoung\Methods\RootedSOS\Induced\Six\FlatBlocks.lean:58:16: warning: declaration uses `sorry`
Taeyoung\Methods\RootedSOS\Induced\Six\FlatBlocks.lean:60:22: warning: This simp argument is unused:
  finProdFinEquiv

Hint: Omit it from the simp argument list.
  simp [blockIndex00, f̵i̵n̵P̵r̵o̵d̵F̵i̵n̵E̵q̵u̵i̵v̵,̵ ̵Nat.add_assoc]

Note: This linter can be disabled with `set_option linter.unusedSimpArgs false`
Taeyoung\Methods\RootedSOS\Induced\Six\FlatBlocks.lean:60:39: warning: This simp argument is unused:
  Nat.add_assoc

Hint: Omit it from the simp argument list.
  simp [blockIndex00, finProdFinEquiv,̵ ̵N̵a̵t̵.̵a̵d̵d̵_̵a̵s̵s̵o̵c̵]

Note: This linter can be disabled with `set_option linter.unusedSimpArgs false`
Taeyoung\Methods\RootedSOS\Induced\Six\FlatBlocks.lean:60:54: warning: Used `tac1 <;> tac2` where `(tac1; tac2)` would suffice

Note: This linter can be disabled with `set_option linter.unnecessarySeqFocus false`
Taeyoung\Methods\RootedSOS\Induced\Six\FlatBlocks.lean:64:2: error: `simp` failed: maximum number of steps exceeded
Taeyoung\Methods\RootedSOS\Induced\Six\FlatBlocks.lean:64:2: error: `simp` failed: maximum number of steps exceeded
Taeyoung\Methods\RootedSOS\Induced\Six\FlatBlocks.lean:66:2: error: Tactic `apply` failed: could not unify the conclusion of `congrArg₂ Family00.countCode`
  Family00.countCode ?m.28 ?m.30 = Family00.countCode ?m.29 ?m.31
with the goal
  (if ↑(blockIndex00 a b) < 16 then
      Family00.countCode ⟨(↑(blockIndex00 a b) - 0) / 4 % 4, ⋯⟩ ⟨(↑(blockIndex00 a b) - 0) % 4, ⋯⟩
    else
      if ↑(blockIndex00 a b) < 416 then
        Family01.countCode ⟨(↑(blockIndex00 a b) - 16) / 20 % 20, ⋯⟩ ⟨(↑(blockIndex00 a b) - 16) % 20, ⋯⟩
      else
        if ↑(blockIndex00 a b) < 816 then
          Family02.countCode ⟨(↑(blockIndex00 a b) - 416) / 20 % 20, ⋯⟩ ⟨(↑(blockIndex00 a b) - 416) % 20, ⋯⟩
        else
          if ↑(blockIndex00 a b) < 1072 then
            Family03.countCode ⟨(↑(blockIndex00 a b) - 816) / 16 % 16, ⋯⟩ ⟨(↑(blockIndex00 a b) - 816) % 16, ⋯⟩
          else
            if ↑(blockIndex00 a b) < 1328 then
              Family04.countCode ⟨(↑(blockIndex00 a b) - 1072) / 16 % 16, ⋯⟩ ⟨(↑(blockIndex00 a b) - 1072) % 16, ⋯⟩
            else
              if ↑(blockIndex00 a b) < 1584 then
                Family05.countCode ⟨(↑(blockIndex00 a b) - 1328) / 16 % 16, ⋯⟩ ⟨(↑(blockIndex00 a b) - 1328) % 16, ⋯⟩
              else
                if ↑(blockIndex00 a b) < 1840 then
                  Family06.countCode ⟨(↑(blockIndex00 a b) - 1584) / 16 % 16, ⋯⟩ ⟨(↑(blockIndex00 a b) - 1584) % 16, ⋯⟩
                else
                  if ↑(blockIndex00 a b) < 2096 then
                    Family07.countCode ⟨(↑(blockIndex00 a b) - 1840) / 16 % 16, ⋯⟩
                      ⟨(↑(blockIndex00 a b) - 1840) % 16, ⋯⟩
                  else
                    if ↑(blockIndex00 a b) < 2352 then
                      Family08.countCode ⟨(↑(blockIndex00 a b) - 2096) / 16 % 16, ⋯⟩
                        ⟨(↑(blockIndex00 a b) - 2096) % 16, ⋯⟩
                    else
                      if ↑(blockIndex00 a b) < 2608 then
                        Family09.countCode ⟨(↑(blockIndex00 a b) - 2352) / 16 % 16, ⋯⟩
                          ⟨(↑(blockIndex00 a b) - 2352) % 16, ⋯⟩
                      else
                        if ↑(blockIndex00 a b) < 2864 then
                          Family10.countCode ⟨(↑(blockIndex00 a b) - 2608) / 16 % 16, ⋯⟩
                            ⟨(↑(blockIndex00 a b) - 2608) % 16, ⋯⟩
                        else
                          if ↑(blockIndex00 a b) < 3120 then
                            Family11.countCode ⟨(↑(blockIndex00 a b) - 2864) / 16 % 16, ⋯⟩
                              ⟨(↑(blockIndex00 a b) - 2864) % 16, ⋯⟩
                          else
                            if ↑(blockIndex00 a b) < 3376 then
                              Family12.countCode ⟨(↑(blockIndex00 a b) - 3120) / 16 % 16, ⋯⟩
                                ⟨(↑(blockIndex00 a b) - 3120) % 16, ⋯⟩
                            else
                              Family13.countCode ⟨(↑(blockIndex00 a b) - 3376) / 16 % 16, ⋯⟩
                                ⟨(↑(blockIndex00 a b) - 3376) % 16, ⋯⟩) =
    Family00.countCode a b

Note: The full type of `congrArg₂ Family00.countCode` is
  ?m.28 = ?m.29 → ?m.30 = ?m.31 → Family00.countCode ?m.28 ?m.30 = Family00.countCode ?m.29 ?m.31

case pos
a b : Fin 4
h✝ : ↑(blockIndex00 a b) < 16
⊢ (if ↑(blockIndex00 a b) < 16 then
      Family00.countCode ⟨(↑(blockIndex00 a b) - 0) / 4 % 4, ⋯⟩ ⟨(↑(blockIndex00 a b) - 0) % 4, ⋯⟩
    else
      if ↑(blockIndex00 a b) < 416 then
        Family01.countCode ⟨(↑(blockIndex00 a b) - 16) / 20 % 20, ⋯⟩ ⟨(↑(blockIndex00 a b) - 16) % 20, ⋯⟩
      else
        if ↑(blockIndex00 a b) < 816 then
          Family02.countCode ⟨(↑(blockIndex00 a b) - 416) / 20 % 20, ⋯⟩ ⟨(↑(blockIndex00 a b) - 416) % 20, ⋯⟩
        else
          if ↑(blockIndex00 a b) < 1072 then
            Family03.countCode ⟨(↑(blockIndex00 a b) - 816) / 16 % 16, ⋯⟩ ⟨(↑(blockIndex00 a b) - 816) % 16, ⋯⟩
          else
            if ↑(blockIndex00 a b) < 1328 then
              Family04.countCode ⟨(↑(blockIndex00 a b) - 1072) / 16 % 16, ⋯⟩ ⟨(↑(blockIndex00 a b) - 1072) % 16, ⋯⟩
            else
              if ↑(blockIndex00 a b) < 1584 then
                Family05.countCode ⟨(↑(blockIndex00 a b) - 1328) / 16 % 16, ⋯⟩ ⟨(↑(blockIndex00 a b) - 1328) % 16, ⋯⟩
              else
                if ↑(blockIndex00 a b) < 1840 then
                  Family06.countCode ⟨(↑(blockIndex00 a b) - 1584) / 16 % 16, ⋯⟩ ⟨(↑(blockIndex00 a b) - 1584) % 16, ⋯⟩
                else
                  if ↑(blockIndex00 a b) < 2096 then
                    Family07.countCode ⟨(↑(blockIndex00 a b) - 1840) / 16 % 16, ⋯⟩
                      ⟨(↑(blockIndex00 a b) - 1840) % 16, ⋯⟩
                  else
                    if ↑(blockIndex00 a b) < 2352 then
                      Family08.countCode ⟨(↑(blockIndex00 a b) - 2096) / 16 % 16, ⋯⟩
                        ⟨(↑(blockIndex00 a b) - 2096) % 16, ⋯⟩
                    else
                      if ↑(blockIndex00 a b) < 2608 then
                        Family09.countCode ⟨(↑(blockIndex00 a b) - 2352) / 16 % 16, ⋯⟩
                          ⟨(↑(blockIndex00 a b) - 2352) % 16, ⋯⟩
                      else
                        if ↑(blockIndex00 a b) < 2864 then
                          Family10.countCode ⟨(↑(blockIndex00 a b) - 2608) / 16 % 16, ⋯⟩
                            ⟨(↑(blockIndex00 a b) - 2608) % 16, ⋯⟩
                        else
                          if ↑(blockIndex00 a b) < 3120 then
                            Family11.countCode ⟨(↑(blockIndex00 a b) - 2864) / 16 % 16, ⋯⟩
                              ⟨(↑(blockIndex00 a b) - 2864) % 16, ⋯⟩
                          else
                            if ↑(blockIndex00 a b) < 3376 then
                              Family12.countCode ⟨(↑(blockIndex00 a b) - 3120) / 16 % 16, ⋯⟩
                                ⟨(↑(blockIndex00 a b) - 3120) % 16, ⋯⟩
                            else
                              Family13.countCode ⟨(↑(blockIndex00 a b) - 3376) / 16 % 16, ⋯⟩
                                ⟨(↑(blockIndex00 a b) - 3376) % 16, ⋯⟩) =
    Family00.countCode a b
Taeyoung\Methods\RootedSOS\Induced\Six\FlatBlocks.lean:72:2: error: Type mismatch
  Fin.natAdd 16 (Fin.castAdd ?m.11 (finProdFinEquiv (a, b)))
has type
  Fin (16 + (20 * 20 + ?m.11))
but is expected to have type
  Fin 3632
Taeyoung\Methods\RootedSOS\Induced\Six\FlatBlocks.lean:75:8: warning: declaration uses `sorry`
Taeyoung\Methods\RootedSOS\Induced\Six\FlatBlocks.lean:73:16: warning: declaration uses `sorry`
Taeyoung\Methods\RootedSOS\Induced\Six\FlatBlocks.lean:75:22: warning: This simp argument is unused:
  finProdFinEquiv

Hint: Omit it from the simp argument list.
  simp [blockIndex01, f̵i̵n̵P̵r̵o̵d̵F̵i̵n̵E̵q̵u̵i̵v̵,̵ ̵Nat.add_assoc]

Note: This linter can be disabled with `set_option linter.unusedSimpArgs false`
Taeyoung\Methods\RootedSOS\Induced\Six\FlatBlocks.lean:75:54: warning: Used `tac1 <;> tac2` where `(tac1; tac2)` would suffice

Note: This linter can be disabled with `set_option linter.unnecessarySeqFocus false`
Taeyoung\Methods\RootedSOS\Induced\Six\FlatBlocks.lean:79:2: error: `simp` failed: maximum number of steps exceeded
Taeyoung\Methods\RootedSOS\Induced\Six\FlatBlocks.lean:79:2: error: `simp` failed: maximum number of steps exceeded
Taeyoung\Methods\RootedSOS\Induced\Six\FlatBlocks.lean:81:2: error: Tactic `apply` failed: could not unify the conclusion of `congrArg₂ Family01.countCode`
  Family01.countCode ?m.28 ?m.30 = Family01.countCode ?m.29 ?m.31
with the goal
  (if ↑(blockIndex01 a b) < 16 then
      Family00.countCode ⟨(↑(blockIndex01 a b) - 0) / 4 % 4, ⋯⟩ ⟨(↑(blockIndex01 a b) - 0) % 4, ⋯⟩
    else
      if ↑(blockIndex01 a b) < 416 then
        Family01.countCode ⟨(↑(blockIndex01 a b) - 16) / 20 % 20, ⋯⟩ ⟨(↑(blockIndex01 a b) - 16) % 20, ⋯⟩
      else
        if ↑(blockIndex01 a b) < 816 then
          Family02.countCode ⟨(↑(blockIndex01 a b) - 416) / 20 % 20, ⋯⟩ ⟨(↑(blockIndex01 a b) - 416) % 20, ⋯⟩
        else
          if ↑(blockIndex01 a b) < 1072 then
            Family03.countCode ⟨(↑(blockIndex01 a b) - 816) / 16 % 16, ⋯⟩ ⟨(↑(blockIndex01 a b) - 816) % 16, ⋯⟩
          else
            if ↑(blockIndex01 a b) < 1328 then
              Family04.countCode ⟨(↑(blockIndex01 a b) - 1072) / 16 % 16, ⋯⟩ ⟨(↑(blockIndex01 a b) - 1072) % 16, ⋯⟩
            else
              if ↑(blockIndex01 a b) < 1584 then
                Family05.countCode ⟨(↑(blockIndex01 a b) - 1328) / 16 % 16, ⋯⟩ ⟨(↑(blockIndex01 a b) - 1328) % 16, ⋯⟩
              else
                if ↑(blockIndex01 a b) < 1840 then
                  Family06.countCode ⟨(↑(blockIndex01 a b) - 1584) / 16 % 16, ⋯⟩ ⟨(↑(blockIndex01 a b) - 1584) % 16, ⋯⟩
                else
                  if ↑(blockIndex01 a b) < 2096 then
                    Family07.countCode ⟨(↑(blockIndex01 a b) - 1840) / 16 % 16, ⋯⟩
                      ⟨(↑(blockIndex01 a b) - 1840) % 16, ⋯⟩
                  else
                    if ↑(blockIndex01 a b) < 2352 then
                      Family08.countCode ⟨(↑(blockIndex01 a b) - 2096) / 16 % 16, ⋯⟩
                        ⟨(↑(blockIndex01 a b) - 2096) % 16, ⋯⟩
                    else
                      if ↑(blockIndex01 a b) < 2608 then
                        Family09.countCode ⟨(↑(blockIndex01 a b) - 2352) / 16 % 16, ⋯⟩
                          ⟨(↑(blockIndex01 a b) - 2352) % 16, ⋯⟩
                      else
                        if ↑(blockIndex01 a b) < 2864 then
                          Family10.countCode ⟨(↑(blockIndex01 a b) - 2608) / 16 % 16, ⋯⟩
                            ⟨(↑(blockIndex01 a b) - 2608) % 16, ⋯⟩
                        else
                          if ↑(blockIndex01 a b) < 3120 then
                            Family11.countCode ⟨(↑(blockIndex01 a b) - 2864) / 16 % 16, ⋯⟩
                              ⟨(↑(blockIndex01 a b) - 2864) % 16, ⋯⟩
                          else
                            if ↑(blockIndex01 a b) < 3376 then
                              Family12.countCode ⟨(↑(blockIndex01 a b) - 3120) / 16 % 16, ⋯⟩
                                ⟨(↑(blockIndex01 a b) - 3120) % 16, ⋯⟩
                            else
                              Family13.countCode ⟨(↑(blockIndex01 a b) - 3376) / 16 % 16, ⋯⟩
                                ⟨(↑(blockIndex01 a b) - 3376) % 16, ⋯⟩) =
    Family01.countCode a b

Note: The full type of `congrArg₂ Family01.countCode` is
  ?m.28 = ?m.29 → ?m.30 = ?m.31 → Family01.countCode ?m.28 ?m.30 = Family01.countCode ?m.29 ?m.31

case neg
a b : Fin 20
h✝ : ¬↑(blockIndex01 a b) < 16
⊢ (if ↑(blockIndex01 a b) < 16 then
      Family00.countCode ⟨(↑(blockIndex01 a b) - 0) / 4 % 4, ⋯⟩ ⟨(↑(blockIndex01 a b) - 0) % 4, ⋯⟩
    else
      if ↑(blockIndex01 a b) < 416 then
        Family01.countCode ⟨(↑(blockIndex01 a b) - 16) / 20 % 20, ⋯⟩ ⟨(↑(blockIndex01 a b) - 16) % 20, ⋯⟩
      else
        if ↑(blockIndex01 a b) < 816 then
          Family02.countCode ⟨(↑(blockIndex01 a b) - 416) / 20 % 20, ⋯⟩ ⟨(↑(blockIndex01 a b) - 416) % 20, ⋯⟩
        else
          if ↑(blockIndex01 a b) < 1072 then
            Family03.countCode ⟨(↑(blockIndex01 a b) - 816) / 16 % 16, ⋯⟩ ⟨(↑(blockIndex01 a b) - 816) % 16, ⋯⟩
          else
            if ↑(blockIndex01 a b) < 1328 then
              Family04.countCode ⟨(↑(blockIndex01 a b) - 1072) / 16 % 16, ⋯⟩ ⟨(↑(blockIndex01 a b) - 1072) % 16, ⋯⟩
            else
              if ↑(blockIndex01 a b) < 1584 then
                Family05.countCode ⟨(↑(blockIndex01 a b) - 1328) / 16 % 16, ⋯⟩ ⟨(↑(blockIndex01 a b) - 1328) % 16, ⋯⟩
              else
                if ↑(blockIndex01 a b) < 1840 then
                  Family06.countCode ⟨(↑(blockIndex01 a b) - 1584) / 16 % 16, ⋯⟩ ⟨(↑(blockIndex01 a b) - 1584) % 16, ⋯⟩
                else
                  if ↑(blockIndex01 a b) < 2096 then
                    Family07.countCode ⟨(↑(blockIndex01 a b) - 1840) / 16 % 16, ⋯⟩
                      ⟨(↑(blockIndex01 a b) - 1840) % 16, ⋯⟩
                  else
                    if ↑(blockIndex01 a b) < 2352 then
                      Family08.countCode ⟨(↑(blockIndex01 a b) - 2096) / 16 % 16, ⋯⟩
                        ⟨(↑(blockIndex01 a b) - 2096) % 16, ⋯⟩
                    else
                      if ↑(blockIndex01 a b) < 2608 then
                        Family09.countCode ⟨(↑(blockIndex01 a b) - 2352) / 16 % 16, ⋯⟩
                          ⟨(↑(blockIndex01 a b) - 2352) % 16, ⋯⟩
                      else
                        if ↑(blockIndex01 a b) < 2864 then
                          Family10.countCode ⟨(↑(blockIndex01 a b) - 2608) / 16 % 16, ⋯⟩
                            ⟨(↑(blockIndex01 a b) - 2608) % 16, ⋯⟩
                        else
                          if ↑(blockIndex01 a b) < 3120 then
                            Family11.countCode ⟨(↑(blockIndex01 a b) - 2864) / 16 % 16, ⋯⟩
                              ⟨(↑(blockIndex01 a b) - 2864) % 16, ⋯⟩
                          else
                            if ↑(blockIndex01 a b) < 3376 then
                              Family12.countCode ⟨(↑(blockIndex01 a b) - 3120) / 16 % 16, ⋯⟩
                                ⟨(↑(blockIndex01 a b) - 3120) % 16, ⋯⟩
                            else
                              Family13.countCode ⟨(↑(blockIndex01 a b) - 3376) / 16 % 16, ⋯⟩
                                ⟨(↑(blockIndex01 a b) - 3376) % 16, ⋯⟩) =
    Family01.countCode a b
Taeyoung\Methods\RootedSOS\Induced\Six\FlatBlocks.lean:87:2: error: Type mismatch
  Fin.natAdd 16 (Fin.natAdd 400 (Fin.castAdd ?m.14 (finProdFinEquiv (a, b))))
has type
  Fin (16 + (400 + (20 * 20 + ?m.14)))
but is expected to have type
  Fin 3632
Taeyoung\Methods\RootedSOS\Induced\Six\FlatBlocks.lean:90:8: warning: declaration uses `sorry`
Taeyoung\Methods\RootedSOS\Induced\Six\FlatBlocks.lean:88:16: warning: declaration uses `sorry`
Taeyoung\Methods\RootedSOS\Induced\Six\FlatBlocks.lean:90:22: warning: This simp argument is unused:
  finProdFinEquiv

Hint: Omit it from the simp argument list.
  simp [blockIndex02, f̵i̵n̵P̵r̵o̵d̵F̵i̵n̵E̵q̵u̵i̵v̵,̵ ̵Nat.add_assoc]

Note: This linter can be disabled with `set_option linter.unusedSimpArgs false`
Taeyoung\Methods\RootedSOS\Induced\Six\FlatBlocks.lean:90:54: warning: Used `tac1 <;> tac2` where `(tac1; tac2)` would suffice

Note: This linter can be disabled with `set_option linter.unnecessarySeqFocus false`
Taeyoung\Methods\RootedSOS\Induced\Six\FlatBlocks.lean:94:2: error: `simp` failed: maximum number of steps exceeded
Taeyoung\Methods\RootedSOS\Induced\Six\FlatBlocks.lean:94:2: error: `simp` failed: maximum number of steps exceeded
Taeyoung\Methods\RootedSOS\Induced\Six\FlatBlocks.lean:96:2: error: Tactic `apply` failed: could not unify the conclusion of `congrArg₂ Family02.countCode`
  Family02.countCode ?m.28 ?m.30 = Family02.countCode ?m.29 ?m.31
with the goal
  (if ↑(blockIndex02 a b) < 16 then
      Family00.countCode ⟨(↑(blockIndex02 a b) - 0) / 4 % 4, ⋯⟩ ⟨(↑(blockIndex02 a b) - 0) % 4, ⋯⟩
    else
      if ↑(blockIndex02 a b) < 416 then
        Family01.countCode ⟨(↑(blockIndex02 a b) - 16) / 20 % 20, ⋯⟩ ⟨(↑(blockIndex02 a b) - 16) % 20, ⋯⟩
      else
        if ↑(blockIndex02 a b) < 816 then
          Family02.countCode ⟨(↑(blockIndex02 a b) - 416) / 20 % 20, ⋯⟩ ⟨(↑(blockIndex02 a b) - 416) % 20, ⋯⟩
        else
          if ↑(blockIndex02 a b) < 1072 then
            Family03.countCode ⟨(↑(blockIndex02 a b) - 816) / 16 % 16, ⋯⟩ ⟨(↑(blockIndex02 a b) - 816) % 16, ⋯⟩
          else
            if ↑(blockIndex02 a b) < 1328 then
              Family04.countCode ⟨(↑(blockIndex02 a b) - 1072) / 16 % 16, ⋯⟩ ⟨(↑(blockIndex02 a b) - 1072) % 16, ⋯⟩
            else
              if ↑(blockIndex02 a b) < 1584 then
                Family05.countCode ⟨(↑(blockIndex02 a b) - 1328) / 16 % 16, ⋯⟩ ⟨(↑(blockIndex02 a b) - 1328) % 16, ⋯⟩
              else
                if ↑(blockIndex02 a b) < 1840 then
                  Family06.countCode ⟨(↑(blockIndex02 a b) - 1584) / 16 % 16, ⋯⟩ ⟨(↑(blockIndex02 a b) - 1584) % 16, ⋯⟩
                else
                  if ↑(blockIndex02 a b) < 2096 then
                    Family07.countCode ⟨(↑(blockIndex02 a b) - 1840) / 16 % 16, ⋯⟩
                      ⟨(↑(blockIndex02 a b) - 1840) % 16, ⋯⟩
                  else
                    if ↑(blockIndex02 a b) < 2352 then
                      Family08.countCode ⟨(↑(blockIndex02 a b) - 2096) / 16 % 16, ⋯⟩
                        ⟨(↑(blockIndex02 a b) - 2096) % 16, ⋯⟩
                    else
                      if ↑(blockIndex02 a b) < 2608 then
                        Family09.countCode ⟨(↑(blockIndex02 a b) - 2352) / 16 % 16, ⋯⟩
                          ⟨(↑(blockIndex02 a b) - 2352) % 16, ⋯⟩
                      else
                        if ↑(blockIndex02 a b) < 2864 then
                          Family10.countCode ⟨(↑(blockIndex02 a b) - 2608) / 16 % 16, ⋯⟩
                            ⟨(↑(blockIndex02 a b) - 2608) % 16, ⋯⟩
                        else
                          if ↑(blockIndex02 a b) < 3120 then
                            Family11.countCode ⟨(↑(blockIndex02 a b) - 2864) / 16 % 16, ⋯⟩
                              ⟨(↑(blockIndex02 a b) - 2864) % 16, ⋯⟩
                          else
                            if ↑(blockIndex02 a b) < 3376 then
                              Family12.countCode ⟨(↑(blockIndex02 a b) - 3120) / 16 % 16, ⋯⟩
                                ⟨(↑(blockIndex02 a b) - 3120) % 16, ⋯⟩
                            else
                              Family13.countCode ⟨(↑(blockIndex02 a b) - 3376) / 16 % 16, ⋯⟩
                                ⟨(↑(blockIndex02 a b) - 3376) % 16, ⋯⟩) =
    Family02.countCode a b

Note: The full type of `congrArg₂ Family02.countCode` is
  ?m.28 = ?m.29 → ?m.30 = ?m.31 → Family02.countCode ?m.28 ?m.30 = Family02.countCode ?m.29 ?m.31

case neg
a b : Fin 20
h✝ : ¬↑(blockIndex02 a b) < 16
⊢ (if ↑(blockIndex02 a b) < 16 then
      Family00.countCode ⟨(↑(blockIndex02 a b) - 0) / 4 % 4, ⋯⟩ ⟨(↑(blockIndex02 a b) - 0) % 4, ⋯⟩
    else
      if ↑(blockIndex02 a b) < 416 then
        Family01.countCode ⟨(↑(blockIndex02 a b) - 16) / 20 % 20, ⋯⟩ ⟨(↑(blockIndex02 a b) - 16) % 20, ⋯⟩
      else
        if ↑(blockIndex02 a b) < 816 then
          Family02.countCode ⟨(↑(blockIndex02 a b) - 416) / 20 % 20, ⋯⟩ ⟨(↑(blockIndex02 a b) - 416) % 20, ⋯⟩
        else
          if ↑(blockIndex02 a b) < 1072 then
            Family03.countCode ⟨(↑(blockIndex02 a b) - 816) / 16 % 16, ⋯⟩ ⟨(↑(blockIndex02 a b) - 816) % 16, ⋯⟩
          else
            if ↑(blockIndex02 a b) < 1328 then
              Family04.countCode ⟨(↑(blockIndex02 a b) - 1072) / 16 % 16, ⋯⟩ ⟨(↑(blockIndex02 a b) - 1072) % 16, ⋯⟩
            else
              if ↑(blockIndex02 a b) < 1584 then
                Family05.countCode ⟨(↑(blockIndex02 a b) - 1328) / 16 % 16, ⋯⟩ ⟨(↑(blockIndex02 a b) - 1328) % 16, ⋯⟩
              else
                if ↑(blockIndex02 a b) < 1840 then
                  Family06.countCode ⟨(↑(blockIndex02 a b) - 1584) / 16 % 16, ⋯⟩ ⟨(↑(blockIndex02 a b) - 1584) % 16, ⋯⟩
                else
                  if ↑(blockIndex02 a b) < 2096 then
                    Family07.countCode ⟨(↑(blockIndex02 a b) - 1840) / 16 % 16, ⋯⟩
                      ⟨(↑(blockIndex02 a b) - 1840) % 16, ⋯⟩
                  else
                    if ↑(blockIndex02 a b) < 2352 then
                      Family08.countCode ⟨(↑(blockIndex02 a b) - 2096) / 16 % 16, ⋯⟩
                        ⟨(↑(blockIndex02 a b) - 2096) % 16, ⋯⟩
                    else
                      if ↑(blockIndex02 a b) < 2608 then
                        Family09.countCode ⟨(↑(blockIndex02 a b) - 2352) / 16 % 16, ⋯⟩
                          ⟨(↑(blockIndex02 a b) - 2352) % 16, ⋯⟩
                      else
                        if ↑(blockIndex02 a b) < 2864 then
                          Family10.countCode ⟨(↑(blockIndex02 a b) - 2608) / 16 % 16, ⋯⟩
                            ⟨(↑(blockIndex02 a b) - 2608) % 16, ⋯⟩
                        else
                          if ↑(blockIndex02 a b) < 3120 then
                            Family11.countCode ⟨(↑(blockIndex02 a b) - 2864) / 16 % 16, ⋯⟩
                              ⟨(↑(blockIndex02 a b) - 2864) % 16, ⋯⟩
                          else
                            if ↑(blockIndex02 a b) < 3376 then
                              Family12.countCode ⟨(↑(blockIndex02 a b) - 3120) / 16 % 16, ⋯⟩
                                ⟨(↑(blockIndex02 a b) - 3120) % 16, ⋯⟩
                            else
                              Family13.countCode ⟨(↑(blockIndex02 a b) - 3376) / 16 % 16, ⋯⟩
                                ⟨(↑(blockIndex02 a b) - 3376) % 16, ⋯⟩) =
    Family02.countCode a b
Taeyoung\Methods\RootedSOS\Induced\Six\FlatBlocks.lean:102:2: error: Type mismatch
  Fin.natAdd 16 (Fin.natAdd 400 (Fin.natAdd 400 (Fin.castAdd ?m.17 (finProdFinEquiv (a, b)))))
has type
  Fin (16 + (400 + (400 + (16 * 16 + ?m.17))))
but is expected to have type
  Fin 3632
Taeyoung\Methods\RootedSOS\Induced\Six\FlatBlocks.lean:105:8: warning: declaration uses `sorry`
Taeyoung\Methods\RootedSOS\Induced\Six\FlatBlocks.lean:103:16: warning: declaration uses `sorry`
Taeyoung\Methods\RootedSOS\Induced\Six\FlatBlocks.lean:105:22: warning: This simp argument is unused:
  finProdFinEquiv

Hint: Omit it from the simp argument list.
  simp [blockIndex03, f̵i̵n̵P̵r̵o̵d̵F̵i̵n̵E̵q̵u̵i̵v̵,̵ ̵Nat.add_assoc]

Note: This linter can be disabled with `set_option linter.unusedSimpArgs false`
Taeyoung\Methods\RootedSOS\Induced\Six\FlatBlocks.lean:105:54: warning: Used `tac1 <;> tac2` where `(tac1; tac2)` would suffice

Note: This linter can be disabled with `set_option linter.unnecessarySeqFocus false`
Taeyoung\Methods\RootedSOS\Induced\Six\FlatBlocks.lean:109:2: error: `simp` failed: maximum number of steps exceeded
Taeyoung\Methods\RootedSOS\Induced\Six\FlatBlocks.lean:109:2: error: `simp` failed: maximum number of steps exceeded
Taeyoung\Methods\RootedSOS\Induced\Six\FlatBlocks.lean:111:2: error: Tactic `apply` failed: could not unify the conclusion of `congrArg₂ Family03.countCode`
  Family03.countCode ?m.28 ?m.30 = Family03.countCode ?m.29 ?m.31
with the goal
  (if ↑(blockIndex03 a b) < 16 then
      Family00.countCode ⟨(↑(blockIndex03 a b) - 0) / 4 % 4, ⋯⟩ ⟨(↑(blockIndex03 a b) - 0) % 4, ⋯⟩
    else
      if ↑(blockIndex03 a b) < 416 then
        Family01.countCode ⟨(↑(blockIndex03 a b) - 16) / 20 % 20, ⋯⟩ ⟨(↑(blockIndex03 a b) - 16) % 20, ⋯⟩
      else
        if ↑(blockIndex03 a b) < 816 then
          Family02.countCode ⟨(↑(blockIndex03 a b) - 416) / 20 % 20, ⋯⟩ ⟨(↑(blockIndex03 a b) - 416) % 20, ⋯⟩
        else
          if ↑(blockIndex03 a b) < 1072 then
            Family03.countCode ⟨(↑(blockIndex03 a b) - 816) / 16 % 16, ⋯⟩ ⟨(↑(blockIndex03 a b) - 816) % 16, ⋯⟩
          else
            if ↑(blockIndex03 a b) < 1328 then
              Family04.countCode ⟨(↑(blockIndex03 a b) - 1072) / 16 % 16, ⋯⟩ ⟨(↑(blockIndex03 a b) - 1072) % 16, ⋯⟩
            else
              if ↑(blockIndex03 a b) < 1584 then
                Family05.countCode ⟨(↑(blockIndex03 a b) - 1328) / 16 % 16, ⋯⟩ ⟨(↑(blockIndex03 a b) - 1328) % 16, ⋯⟩
              else
                if ↑(blockIndex03 a b) < 1840 then
                  Family06.countCode ⟨(↑(blockIndex03 a b) - 1584) / 16 % 16, ⋯⟩ ⟨(↑(blockIndex03 a b) - 1584) % 16, ⋯⟩
                else
                  if ↑(blockIndex03 a b) < 2096 then
                    Family07.countCode ⟨(↑(blockIndex03 a b) - 1840) / 16 % 16, ⋯⟩
                      ⟨(↑(blockIndex03 a b) - 1840) % 16, ⋯⟩
                  else
                    if ↑(blockIndex03 a b) < 2352 then
                      Family08.countCode ⟨(↑(blockIndex03 a b) - 2096) / 16 % 16, ⋯⟩
                        ⟨(↑(blockIndex03 a b) - 2096) % 16, ⋯⟩
                    else
                      if ↑(blockIndex03 a b) < 2608 then
                        Family09.countCode ⟨(↑(blockIndex03 a b) - 2352) / 16 % 16, ⋯⟩
                          ⟨(↑(blockIndex03 a b) - 2352) % 16, ⋯⟩
                      else
                        if ↑(blockIndex03 a b) < 2864 then
                          Family10.countCode ⟨(↑(blockIndex03 a b) - 2608) / 16 % 16, ⋯⟩
                            ⟨(↑(blockIndex03 a b) - 2608) % 16, ⋯⟩
                        else
                          if ↑(blockIndex03 a b) < 3120 then
                            Family11.countCode ⟨(↑(blockIndex03 a b) - 2864) / 16 % 16, ⋯⟩
                              ⟨(↑(blockIndex03 a b) - 2864) % 16, ⋯⟩
                          else
                            if ↑(blockIndex03 a b) < 3376 then
                              Family12.countCode ⟨(↑(blockIndex03 a b) - 3120) / 16 % 16, ⋯⟩
                                ⟨(↑(blockIndex03 a b) - 3120) % 16, ⋯⟩
                            else
                              Family13.countCode ⟨(↑(blockIndex03 a b) - 3376) / 16 % 16, ⋯⟩
                                ⟨(↑(blockIndex03 a b) - 3376) % 16, ⋯⟩) =
    Family03.countCode a b

Note: The full type of `congrArg₂ Family03.countCode` is
  ?m.28 = ?m.29 → ?m.30 = ?m.31 → Family03.countCode ?m.28 ?m.30 = Family03.countCode ?m.29 ?m.31

case neg
a b : Fin 16
h✝ : ¬↑(blockIndex03 a b) < 16
⊢ (if ↑(blockIndex03 a b) < 16 then
      Family00.countCode ⟨(↑(blockIndex03 a b) - 0) / 4 % 4, ⋯⟩ ⟨(↑(blockIndex03 a b) - 0) % 4, ⋯⟩
    else
      if ↑(blockIndex03 a b) < 416 then
        Family01.countCode ⟨(↑(blockIndex03 a b) - 16) / 20 % 20, ⋯⟩ ⟨(↑(blockIndex03 a b) - 16) % 20, ⋯⟩
      else
        if ↑(blockIndex03 a b) < 816 then
          Family02.countCode ⟨(↑(blockIndex03 a b) - 416) / 20 % 20, ⋯⟩ ⟨(↑(blockIndex03 a b) - 416) % 20, ⋯⟩
        else
          if ↑(blockIndex03 a b) < 1072 then
            Family03.countCode ⟨(↑(blockIndex03 a b) - 816) / 16 % 16, ⋯⟩ ⟨(↑(blockIndex03 a b) - 816) % 16, ⋯⟩
          else
            if ↑(blockIndex03 a b) < 1328 then
              Family04.countCode ⟨(↑(blockIndex03 a b) - 1072) / 16 % 16, ⋯⟩ ⟨(↑(blockIndex03 a b) - 1072) % 16, ⋯⟩
            else
              if ↑(blockIndex03 a b) < 1584 then
                Family05.countCode ⟨(↑(blockIndex03 a b) - 1328) / 16 % 16, ⋯⟩ ⟨(↑(blockIndex03 a b) - 1328) % 16, ⋯⟩
              else
                if ↑(blockIndex03 a b) < 1840 then
                  Family06.countCode ⟨(↑(blockIndex03 a b) - 1584) / 16 % 16, ⋯⟩ ⟨(↑(blockIndex03 a b) - 1584) % 16, ⋯⟩
                else
                  if ↑(blockIndex03 a b) < 2096 then
                    Family07.countCode ⟨(↑(blockIndex03 a b) - 1840) / 16 % 16, ⋯⟩
                      ⟨(↑(blockIndex03 a b) - 1840) % 16, ⋯⟩
                  else
                    if ↑(blockIndex03 a b) < 2352 then
                      Family08.countCode ⟨(↑(blockIndex03 a b) - 2096) / 16 % 16, ⋯⟩
                        ⟨(↑(blockIndex03 a b) - 2096) % 16, ⋯⟩
                    else
                      if ↑(blockIndex03 a b) < 2608 then
                        Family09.countCode ⟨(↑(blockIndex03 a b) - 2352) / 16 % 16, ⋯⟩
                          ⟨(↑(blockIndex03 a b) - 2352) % 16, ⋯⟩
                      else
                        if ↑(blockIndex03 a b) < 2864 then
                          Family10.countCode ⟨(↑(blockIndex03 a b) - 2608) / 16 % 16, ⋯⟩
                            ⟨(↑(blockIndex03 a b) - 2608) % 16, ⋯⟩
                        else
                          if ↑(blockIndex03 a b) < 3120 then
                            Family11.countCode ⟨(↑(blockIndex03 a b) - 2864) / 16 % 16, ⋯⟩
                              ⟨(↑(blockIndex03 a b) - 2864) % 16, ⋯⟩
                          else
                            if ↑(blockIndex03 a b) < 3376 then
                              Family12.countCode ⟨(↑(blockIndex03 a b) - 3120) / 16 % 16, ⋯⟩
                                ⟨(↑(blockIndex03 a b) - 3120) % 16, ⋯⟩
                            else
                              Family13.countCode ⟨(↑(blockIndex03 a b) - 3376) / 16 % 16, ⋯⟩
                                ⟨(↑(blockIndex03 a b) - 3376) % 16, ⋯⟩) =
    Family03.countCode a b
Taeyoung\Methods\RootedSOS\Induced\Six\FlatBlocks.lean:117:2: error: Type mismatch
  Fin.natAdd 16 (Fin.natAdd 400 (Fin.natAdd 400 (Fin.natAdd 256 (Fin.castAdd ?m.20 (finProdFinEquiv (a, b))))))
has type
  Fin (16 + (400 + (400 + (256 + (16 * 16 + ?m.20)))))
but is expected to have type
  Fin 3632
Taeyoung\Methods\RootedSOS\Induced\Six\FlatBlocks.lean:120:8: warning: declaration uses `sorry`
Taeyoung\Methods\RootedSOS\Induced\Six\FlatBlocks.lean:118:16: warning: declaration uses `sorry`
Taeyoung\Methods\RootedSOS\Induced\Six\FlatBlocks.lean:120:22: warning: This simp argument is unused:
  finProdFinEquiv

Hint: Omit it from the simp argument list.
  simp [blockIndex04, f̵i̵n̵P̵r̵o̵d̵F̵i̵n̵E̵q̵u̵i̵v̵,̵ ̵Nat.add_assoc]

Note: This linter can be disabled with `set_option linter.unusedSimpArgs false`
Taeyoung\Methods\RootedSOS\Induced\Six\FlatBlocks.lean:120:54: warning: Used `tac1 <;> tac2` where `(tac1; tac2)` would suffice

Note: This linter can be disabled with `set_option linter.unnecessarySeqFocus false`
Taeyoung\Methods\RootedSOS\Induced\Six\FlatBlocks.lean:124:2: error: `simp` failed: maximum number of steps exceeded
Taeyoung\Methods\RootedSOS\Induced\Six\FlatBlocks.lean:124:2: error: `simp` failed: maximum number of steps exceeded
Taeyoung\Methods\RootedSOS\Induced\Six\FlatBlocks.lean:126:2: error: Tactic `apply` failed: could not unify the conclusion of `congrArg₂ Family04.countCode`
  Family04.countCode ?m.28 ?m.30 = Family04.countCode ?m.29 ?m.31
with the goal
  (if ↑(blockIndex04 a b) < 16 then
      Family00.countCode ⟨(↑(blockIndex04 a b) - 0) / 4 % 4, ⋯⟩ ⟨(↑(blockIndex04 a b) - 0) % 4, ⋯⟩
    else
      if ↑(blockIndex04 a b) < 416 then
        Family01.countCode ⟨(↑(blockIndex04 a b) - 16) / 20 % 20, ⋯⟩ ⟨(↑(blockIndex04 a b) - 16) % 20, ⋯⟩
      else
        if ↑(blockIndex04 a b) < 816 then
          Family02.countCode ⟨(↑(blockIndex04 a b) - 416) / 20 % 20, ⋯⟩ ⟨(↑(blockIndex04 a b) - 416) % 20, ⋯⟩
        else
          if ↑(blockIndex04 a b) < 1072 then
            Family03.countCode ⟨(↑(blockIndex04 a b) - 816) / 16 % 16, ⋯⟩ ⟨(↑(blockIndex04 a b) - 816) % 16, ⋯⟩
          else
            if ↑(blockIndex04 a b) < 1328 then
              Family04.countCode ⟨(↑(blockIndex04 a b) - 1072) / 16 % 16, ⋯⟩ ⟨(↑(blockIndex04 a b) - 1072) % 16, ⋯⟩
            else
              if ↑(blockIndex04 a b) < 1584 then
                Family05.countCode ⟨(↑(blockIndex04 a b) - 1328) / 16 % 16, ⋯⟩ ⟨(↑(blockIndex04 a b) - 1328) % 16, ⋯⟩
              else
                if ↑(blockIndex04 a b) < 1840 then
                  Family06.countCode ⟨(↑(blockIndex04 a b) - 1584) / 16 % 16, ⋯⟩ ⟨(↑(blockIndex04 a b) - 1584) % 16, ⋯⟩
                else
                  if ↑(blockIndex04 a b) < 2096 then
                    Family07.countCode ⟨(↑(blockIndex04 a b) - 1840) / 16 % 16, ⋯⟩
                      ⟨(↑(blockIndex04 a b) - 1840) % 16, ⋯⟩
                  else
                    if ↑(blockIndex04 a b) < 2352 then
                      Family08.countCode ⟨(↑(blockIndex04 a b) - 2096) / 16 % 16, ⋯⟩
                        ⟨(↑(blockIndex04 a b) - 2096) % 16, ⋯⟩
                    else
                      if ↑(blockIndex04 a b) < 2608 then
                        Family09.countCode ⟨(↑(blockIndex04 a b) - 2352) / 16 % 16, ⋯⟩
                          ⟨(↑(blockIndex04 a b) - 2352) % 16, ⋯⟩
                      else
                        if ↑(blockIndex04 a b) < 2864 then
                          Family10.countCode ⟨(↑(blockIndex04 a b) - 2608) / 16 % 16, ⋯⟩
                            ⟨(↑(blockIndex04 a b) - 2608) % 16, ⋯⟩
                        else
                          if ↑(blockIndex04 a b) < 3120 then
                            Family11.countCode ⟨(↑(blockIndex04 a b) - 2864) / 16 % 16, ⋯⟩
                              ⟨(↑(blockIndex04 a b) - 2864) % 16, ⋯⟩
                          else
                            if ↑(blockIndex04 a b) < 3376 then
                              Family12.countCode ⟨(↑(blockIndex04 a b) - 3120) / 16 % 16, ⋯⟩
                                ⟨(↑(blockIndex04 a b) - 3120) % 16, ⋯⟩
                            else
                              Family13.countCode ⟨(↑(blockIndex04 a b) - 3376) / 16 % 16, ⋯⟩
                                ⟨(↑(blockIndex04 a b) - 3376) % 16, ⋯⟩) =
    Family04.countCode a b

Note: The full type of `congrArg₂ Family04.countCode` is
  ?m.28 = ?m.29 → ?m.30 = ?m.31 → Family04.countCode ?m.28 ?m.30 = Family04.countCode ?m.29 ?m.31

case neg
a b : Fin 16
h✝ : ¬↑(blockIndex04 a b) < 16
⊢ (if ↑(blockIndex04 a b) < 16 then
      Family00.countCode ⟨(↑(blockIndex04 a b) - 0) / 4 % 4, ⋯⟩ ⟨(↑(blockIndex04 a b) - 0) % 4, ⋯⟩
    else
      if ↑(blockIndex04 a b) < 416 then
        Family01.countCode ⟨(↑(blockIndex04 a b) - 16) / 20 % 20, ⋯⟩ ⟨(↑(blockIndex04 a b) - 16) % 20, ⋯⟩
      else
        if ↑(blockIndex04 a b) < 816 then
          Family02.countCode ⟨(↑(blockIndex04 a b) - 416) / 20 % 20, ⋯⟩ ⟨(↑(blockIndex04 a b) - 416) % 20, ⋯⟩
        else
          if ↑(blockIndex04 a b) < 1072 then
            Family03.countCode ⟨(↑(blockIndex04 a b) - 816) / 16 % 16, ⋯⟩ ⟨(↑(blockIndex04 a b) - 816) % 16, ⋯⟩
          else
            if ↑(blockIndex04 a b) < 1328 then
              Family04.countCode ⟨(↑(blockIndex04 a b) - 1072) / 16 % 16, ⋯⟩ ⟨(↑(blockIndex04 a b) - 1072) % 16, ⋯⟩
            else
              if ↑(blockIndex04 a b) < 1584 then
                Family05.countCode ⟨(↑(blockIndex04 a b) - 1328) / 16 % 16, ⋯⟩ ⟨(↑(blockIndex04 a b) - 1328) % 16, ⋯⟩
              else
                if ↑(blockIndex04 a b) < 1840 then
                  Family06.countCode ⟨(↑(blockIndex04 a b) - 1584) / 16 % 16, ⋯⟩ ⟨(↑(blockIndex04 a b) - 1584) % 16, ⋯⟩
                else
                  if ↑(blockIndex04 a b) < 2096 then
                    Family07.countCode ⟨(↑(blockIndex04 a b) - 1840) / 16 % 16, ⋯⟩
                      ⟨(↑(blockIndex04 a b) - 1840) % 16, ⋯⟩
                  else
                    if ↑(blockIndex04 a b) < 2352 then
                      Family08.countCode ⟨(↑(blockIndex04 a b) - 2096) / 16 % 16, ⋯⟩
                        ⟨(↑(blockIndex04 a b) - 2096) % 16, ⋯⟩
                    else
                      if ↑(blockIndex04 a b) < 2608 then
                        Family09.countCode ⟨(↑(blockIndex04 a b) - 2352) / 16 % 16, ⋯⟩
                          ⟨(↑(blockIndex04 a b) - 2352) % 16, ⋯⟩
                      else
                        if ↑(blockIndex04 a b) < 2864 then
                          Family10.countCode ⟨(↑(blockIndex04 a b) - 2608) / 16 % 16, ⋯⟩
                            ⟨(↑(blockIndex04 a b) - 2608) % 16, ⋯⟩
                        else
                          if ↑(blockIndex04 a b) < 3120 then
                            Family11.countCode ⟨(↑(blockIndex04 a b) - 2864) / 16 % 16, ⋯⟩
                              ⟨(↑(blockIndex04 a b) - 2864) % 16, ⋯⟩
                          else
                            if ↑(blockIndex04 a b) < 3376 then
                              Family12.countCode ⟨(↑(blockIndex04 a b) - 3120) / 16 % 16, ⋯⟩
                                ⟨(↑(blockIndex04 a b) - 3120) % 16, ⋯⟩
                            else
                              Family13.countCode ⟨(↑(blockIndex04 a b) - 3376) / 16 % 16, ⋯⟩
                                ⟨(↑(blockIndex04 a b) - 3376) % 16, ⋯⟩) =
    Family04.countCode a b
Taeyoung\Methods\RootedSOS\Induced\Six\FlatBlocks.lean:132:2: error: Type mismatch
  Fin.natAdd 16
    (Fin.natAdd 400 (Fin.natAdd 400 (Fin.natAdd 256 (Fin.natAdd 256 (Fin.castAdd ?m.23 (finProdFinEquiv (a, b)))))))
has type
  Fin (16 + (400 + (400 + (256 + (256 + (16 * 16 + ?m.23))))))
but is expected to have type
  Fin 3632
Taeyoung\Methods\RootedSOS\Induced\Six\FlatBlocks.lean:135:8: warning: declaration uses `sorry`
Taeyoung\Methods\RootedSOS\Induced\Six\FlatBlocks.lean:133:16: warning: declaration uses `sorry`
Taeyoung\Methods\RootedSOS\Induced\Six\FlatBlocks.lean:135:22: warning: This simp argument is unused:
  finProdFinEquiv

Hint: Omit it from the simp argument list.
  simp [blockIndex05, f̵i̵n̵P̵r̵o̵d̵F̵i̵n̵E̵q̵u̵i̵v̵,̵ ̵Nat.add_assoc]

Note: This linter can be disabled with `set_option linter.unusedSimpArgs false`
Taeyoung\Methods\RootedSOS\Induced\Six\FlatBlocks.lean:135:54: warning: Used `tac1 <;> tac2` where `(tac1; tac2)` would suffice

Note: This linter can be disabled with `set_option linter.unnecessarySeqFocus false`
Taeyoung\Methods\RootedSOS\Induced\Six\FlatBlocks.lean:139:2: error: `simp` failed: maximum number of steps exceeded
Taeyoung\Methods\RootedSOS\Induced\Six\FlatBlocks.lean:139:2: error: `simp` failed: maximum number of steps exceeded
Taeyoung\Methods\RootedSOS\Induced\Six\FlatBlocks.lean:141:2: error: Tactic `apply` failed: could not unify the conclusion of `congrArg₂ Family05.countCode`
  Family05.countCode ?m.28 ?m.30 = Family05.countCode ?m.29 ?m.31
with the goal
  (if ↑(blockIndex05 a b) < 16 then
      Family00.countCode ⟨(↑(blockIndex05 a b) - 0) / 4 % 4, ⋯⟩ ⟨(↑(blockIndex05 a b) - 0) % 4, ⋯⟩
    else
      if ↑(blockIndex05 a b) < 416 then
        Family01.countCode ⟨(↑(blockIndex05 a b) - 16) / 20 % 20, ⋯⟩ ⟨(↑(blockIndex05 a b) - 16) % 20, ⋯⟩
      else
        if ↑(blockIndex05 a b) < 816 then
          Family02.countCode ⟨(↑(blockIndex05 a b) - 416) / 20 % 20, ⋯⟩ ⟨(↑(blockIndex05 a b) - 416) % 20, ⋯⟩
        else
          if ↑(blockIndex05 a b) < 1072 then
            Family03.countCode ⟨(↑(blockIndex05 a b) - 816) / 16 % 16, ⋯⟩ ⟨(↑(blockIndex05 a b) - 816) % 16, ⋯⟩
          else
            if ↑(blockIndex05 a b) < 1328 then
              Family04.countCode ⟨(↑(blockIndex05 a b) - 1072) / 16 % 16, ⋯⟩ ⟨(↑(blockIndex05 a b) - 1072) % 16, ⋯⟩
            else
              if ↑(blockIndex05 a b) < 1584 then
                Family05.countCode ⟨(↑(blockIndex05 a b) - 1328) / 16 % 16, ⋯⟩ ⟨(↑(blockIndex05 a b) - 1328) % 16, ⋯⟩
              else
                if ↑(blockIndex05 a b) < 1840 then
                  Family06.countCode ⟨(↑(blockIndex05 a b) - 1584) / 16 % 16, ⋯⟩ ⟨(↑(blockIndex05 a b) - 1584) % 16, ⋯⟩
                else
                  if ↑(blockIndex05 a b) < 2096 then
                    Family07.countCode ⟨(↑(blockIndex05 a b) - 1840) / 16 % 16, ⋯⟩
                      ⟨(↑(blockIndex05 a b) - 1840) % 16, ⋯⟩
                  else
                    if ↑(blockIndex05 a b) < 2352 then
                      Family08.countCode ⟨(↑(blockIndex05 a b) - 2096) / 16 % 16, ⋯⟩
                        ⟨(↑(blockIndex05 a b) - 2096) % 16, ⋯⟩
                    else
                      if ↑(blockIndex05 a b) < 2608 then
                        Family09.countCode ⟨(↑(blockIndex05 a b) - 2352) / 16 % 16, ⋯⟩
                          ⟨(↑(blockIndex05 a b) - 2352) % 16, ⋯⟩
                      else
                        if ↑(blockIndex05 a b) < 2864 then
                          Family10.countCode ⟨(↑(blockIndex05 a b) - 2608) / 16 % 16, ⋯⟩
                            ⟨(↑(blockIndex05 a b) - 2608) % 16, ⋯⟩
                        else
                          if ↑(blockIndex05 a b) < 3120 then
                            Family11.countCode ⟨(↑(blockIndex05 a b) - 2864) / 16 % 16, ⋯⟩
                              ⟨(↑(blockIndex05 a b) - 2864) % 16, ⋯⟩
                          else
                            if ↑(blockIndex05 a b) < 3376 then
                              Family12.countCode ⟨(↑(blockIndex05 a b) - 3120) / 16 % 16, ⋯⟩
                                ⟨(↑(blockIndex05 a b) - 3120) % 16, ⋯⟩
                            else
                              Family13.countCode ⟨(↑(blockIndex05 a b) - 3376) / 16 % 16, ⋯⟩
                                ⟨(↑(blockIndex05 a b) - 3376) % 16, ⋯⟩) =
    Family05.countCode a b

Note: The full type of `congrArg₂ Family05.countCode` is
  ?m.28 = ?m.29 → ?m.30 = ?m.31 → Family05.countCode ?m.28 ?m.30 = Family05.countCode ?m.29 ?m.31

case neg
a b : Fin 16
h✝ : ¬↑(blockIndex05 a b) < 16
⊢ (if ↑(blockIndex05 a b) < 16 then
      Family00.countCode ⟨(↑(blockIndex05 a b) - 0) / 4 % 4, ⋯⟩ ⟨(↑(blockIndex05 a b) - 0) % 4, ⋯⟩
    else
      if ↑(blockIndex05 a b) < 416 then
        Family01.countCode ⟨(↑(blockIndex05 a b) - 16) / 20 % 20, ⋯⟩ ⟨(↑(blockIndex05 a b) - 16) % 20, ⋯⟩
      else
        if ↑(blockIndex05 a b) < 816 then
          Family02.countCode ⟨(↑(blockIndex05 a b) - 416) / 20 % 20, ⋯⟩ ⟨(↑(blockIndex05 a b) - 416) % 20, ⋯⟩
        else
          if ↑(blockIndex05 a b) < 1072 then
            Family03.countCode ⟨(↑(blockIndex05 a b) - 816) / 16 % 16, ⋯⟩ ⟨(↑(blockIndex05 a b) - 816) % 16, ⋯⟩
          else
            if ↑(blockIndex05 a b) < 1328 then
              Family04.countCode ⟨(↑(blockIndex05 a b) - 1072) / 16 % 16, ⋯⟩ ⟨(↑(blockIndex05 a b) - 1072) % 16, ⋯⟩
            else
              if ↑(blockIndex05 a b) < 1584 then
                Family05.countCode ⟨(↑(blockIndex05 a b) - 1328) / 16 % 16, ⋯⟩ ⟨(↑(blockIndex05 a b) - 1328) % 16, ⋯⟩
              else
                if ↑(blockIndex05 a b) < 1840 then
                  Family06.countCode ⟨(↑(blockIndex05 a b) - 1584) / 16 % 16, ⋯⟩ ⟨(↑(blockIndex05 a b) - 1584) % 16, ⋯⟩
                else
                  if ↑(blockIndex05 a b) < 2096 then
                    Family07.countCode ⟨(↑(blockIndex05 a b) - 1840) / 16 % 16, ⋯⟩
                      ⟨(↑(blockIndex05 a b) - 1840) % 16, ⋯⟩
                  else
                    if ↑(blockIndex05 a b) < 2352 then
                      Family08.countCode ⟨(↑(blockIndex05 a b) - 2096) / 16 % 16, ⋯⟩
                        ⟨(↑(blockIndex05 a b) - 2096) % 16, ⋯⟩
                    else
                      if ↑(blockIndex05 a b) < 2608 then
                        Family09.countCode ⟨(↑(blockIndex05 a b) - 2352) / 16 % 16, ⋯⟩
                          ⟨(↑(blockIndex05 a b) - 2352) % 16, ⋯⟩
                      else
                        if ↑(blockIndex05 a b) < 2864 then
                          Family10.countCode ⟨(↑(blockIndex05 a b) - 2608) / 16 % 16, ⋯⟩
                            ⟨(↑(blockIndex05 a b) - 2608) % 16, ⋯⟩
                        else
                          if ↑(blockIndex05 a b) < 3120 then
                            Family11.countCode ⟨(↑(blockIndex05 a b) - 2864) / 16 % 16, ⋯⟩
                              ⟨(↑(blockIndex05 a b) - 2864) % 16, ⋯⟩
                          else
                            if ↑(blockIndex05 a b) < 3376 then
                              Family12.countCode ⟨(↑(blockIndex05 a b) - 3120) / 16 % 16, ⋯⟩
                                ⟨(↑(blockIndex05 a b) - 3120) % 16, ⋯⟩
                            else
                              Family13.countCode ⟨(↑(blockIndex05 a b) - 3376) / 16 % 16, ⋯⟩
                                ⟨(↑(blockIndex05 a b) - 3376) % 16, ⋯⟩) =
    Family05.countCode a b
Taeyoung\Methods\RootedSOS\Induced\Six\FlatBlocks.lean:147:2: error: Type mismatch
  Fin.natAdd 16
    (Fin.natAdd 400
      (Fin.natAdd 400 (Fin.natAdd 256 (Fin.natAdd 256 (Fin.natAdd 256 (Fin.castAdd ?m.26 (finProdFinEquiv (a, b))))))))
has type
  Fin (16 + (400 + (400 + (256 + (256 + (256 + (16 * 16 + ?m.26)))))))
but is expected to have type
  Fin 3632
Taeyoung\Methods\RootedSOS\Induced\Six\FlatBlocks.lean:150:8: warning: declaration uses `sorry`
Taeyoung\Methods\RootedSOS\Induced\Six\FlatBlocks.lean:148:16: warning: declaration uses `sorry`
Taeyoung\Methods\RootedSOS\Induced\Six\FlatBlocks.lean:150:22: warning: This simp argument is unused:
  finProdFinEquiv

Hint: Omit it from the simp argument list.
  simp [blockIndex06, f̵i̵n̵P̵r̵o̵d̵F̵i̵n̵E̵q̵u̵i̵v̵,̵ ̵Nat.add_assoc]

Note: This linter can be disabled with `set_option linter.unusedSimpArgs false`
Taeyoung\Methods\RootedSOS\Induced\Six\FlatBlocks.lean:150:54: warning: Used `tac1 <;> tac2` where `(tac1; tac2)` would suffice

Note: This linter can be disabled with `set_option linter.unnecessarySeqFocus false`
Taeyoung\Methods\RootedSOS\Induced\Six\FlatBlocks.lean:154:2: error: `simp` failed: maximum number of steps exceeded
Taeyoung\Methods\RootedSOS\Induced\Six\FlatBlocks.lean:154:2: error: `simp` failed: maximum number of steps exceeded
Taeyoung\Methods\RootedSOS\Induced\Six\FlatBlocks.lean:156:2: error: Tactic `apply` failed: could not unify the conclusion of `congrArg₂ Family06.countCode`
  Family06.countCode ?m.28 ?m.30 = Family06.countCode ?m.29 ?m.31
with the goal
  (if ↑(blockIndex06 a b) < 16 then
      Family00.countCode ⟨(↑(blockIndex06 a b) - 0) / 4 % 4, ⋯⟩ ⟨(↑(blockIndex06 a b) - 0) % 4, ⋯⟩
    else
      if ↑(blockIndex06 a b) < 416 then
        Family01.countCode ⟨(↑(blockIndex06 a b) - 16) / 20 % 20, ⋯⟩ ⟨(↑(blockIndex06 a b) - 16) % 20, ⋯⟩
      else
        if ↑(blockIndex06 a b) < 816 then
          Family02.countCode ⟨(↑(blockIndex06 a b) - 416) / 20 % 20, ⋯⟩ ⟨(↑(blockIndex06 a b) - 416) % 20, ⋯⟩
        else
          if ↑(blockIndex06 a b) < 1072 then
            Family03.countCode ⟨(↑(blockIndex06 a b) - 816) / 16 % 16, ⋯⟩ ⟨(↑(blockIndex06 a b) - 816) % 16, ⋯⟩
          else
            if ↑(blockIndex06 a b) < 1328 then
              Family04.countCode ⟨(↑(blockIndex06 a b) - 1072) / 16 % 16, ⋯⟩ ⟨(↑(blockIndex06 a b) - 1072) % 16, ⋯⟩
            else
              if ↑(blockIndex06 a b) < 1584 then
                Family05.countCode ⟨(↑(blockIndex06 a b) - 1328) / 16 % 16, ⋯⟩ ⟨(↑(blockIndex06 a b) - 1328) % 16, ⋯⟩
              else
                if ↑(blockIndex06 a b) < 1840 then
                  Family06.countCode ⟨(↑(blockIndex06 a b) - 1584) / 16 % 16, ⋯⟩ ⟨(↑(blockIndex06 a b) - 1584) % 16, ⋯⟩
                else
                  if ↑(blockIndex06 a b) < 2096 then
                    Family07.countCode ⟨(↑(blockIndex06 a b) - 1840) / 16 % 16, ⋯⟩
                      ⟨(↑(blockIndex06 a b) - 1840) % 16, ⋯⟩
                  else
                    if ↑(blockIndex06 a b) < 2352 then
                      Family08.countCode ⟨(↑(blockIndex06 a b) - 2096) / 16 % 16, ⋯⟩
                        ⟨(↑(blockIndex06 a b) - 2096) % 16, ⋯⟩
                    else
                      if ↑(blockIndex06 a b) < 2608 then
                        Family09.countCode ⟨(↑(blockIndex06 a b) - 2352) / 16 % 16, ⋯⟩
                          ⟨(↑(blockIndex06 a b) - 2352) % 16, ⋯⟩
                      else
                        if ↑(blockIndex06 a b) < 2864 then
                          Family10.countCode ⟨(↑(blockIndex06 a b) - 2608) / 16 % 16, ⋯⟩
                            ⟨(↑(blockIndex06 a b) - 2608) % 16, ⋯⟩
                        else
                          if ↑(blockIndex06 a b) < 3120 then
                            Family11.countCode ⟨(↑(blockIndex06 a b) - 2864) / 16 % 16, ⋯⟩
                              ⟨(↑(blockIndex06 a b) - 2864) % 16, ⋯⟩
                          else
                            if ↑(blockIndex06 a b) < 3376 then
                              Family12.countCode ⟨(↑(blockIndex06 a b) - 3120) / 16 % 16, ⋯⟩
                                ⟨(↑(blockIndex06 a b) - 3120) % 16, ⋯⟩
                            else
                              Family13.countCode ⟨(↑(blockIndex06 a b) - 3376) / 16 % 16, ⋯⟩
                                ⟨(↑(blockIndex06 a b) - 3376) % 16, ⋯⟩) =
    Family06.countCode a b

Note: The full type of `congrArg₂ Family06.countCode` is
  ?m.28 = ?m.29 → ?m.30 = ?m.31 → Family06.countCode ?m.28 ?m.30 = Family06.countCode ?m.29 ?m.31

case neg
a b : Fin 16
h✝ : ¬↑(blockIndex06 a b) < 16
⊢ (if ↑(blockIndex06 a b) < 16 then
      Family00.countCode ⟨(↑(blockIndex06 a b) - 0) / 4 % 4, ⋯⟩ ⟨(↑(blockIndex06 a b) - 0) % 4, ⋯⟩
    else
      if ↑(blockIndex06 a b) < 416 then
        Family01.countCode ⟨(↑(blockIndex06 a b) - 16) / 20 % 20, ⋯⟩ ⟨(↑(blockIndex06 a b) - 16) % 20, ⋯⟩
      else
        if ↑(blockIndex06 a b) < 816 then
          Family02.countCode ⟨(↑(blockIndex06 a b) - 416) / 20 % 20, ⋯⟩ ⟨(↑(blockIndex06 a b) - 416) % 20, ⋯⟩
        else
          if ↑(blockIndex06 a b) < 1072 then
            Family03.countCode ⟨(↑(blockIndex06 a b) - 816) / 16 % 16, ⋯⟩ ⟨(↑(blockIndex06 a b) - 816) % 16, ⋯⟩
          else
            if ↑(blockIndex06 a b) < 1328 then
              Family04.countCode ⟨(↑(blockIndex06 a b) - 1072) / 16 % 16, ⋯⟩ ⟨(↑(blockIndex06 a b) - 1072) % 16, ⋯⟩
            else
              if ↑(blockIndex06 a b) < 1584 then
                Family05.countCode ⟨(↑(blockIndex06 a b) - 1328) / 16 % 16, ⋯⟩ ⟨(↑(blockIndex06 a b) - 1328) % 16, ⋯⟩
              else
                if ↑(blockIndex06 a b) < 1840 then
                  Family06.countCode ⟨(↑(blockIndex06 a b) - 1584) / 16 % 16, ⋯⟩ ⟨(↑(blockIndex06 a b) - 1584) % 16, ⋯⟩
                else
                  if ↑(blockIndex06 a b) < 2096 then
                    Family07.countCode ⟨(↑(blockIndex06 a b) - 1840) / 16 % 16, ⋯⟩
                      ⟨(↑(blockIndex06 a b) - 1840) % 16, ⋯⟩
                  else
                    if ↑(blockIndex06 a b) < 2352 then
                      Family08.countCode ⟨(↑(blockIndex06 a b) - 2096) / 16 % 16, ⋯⟩
                        ⟨(↑(blockIndex06 a b) - 2096) % 16, ⋯⟩
                    else
                      if ↑(blockIndex06 a b) < 2608 then
                        Family09.countCode ⟨(↑(blockIndex06 a b) - 2352) / 16 % 16, ⋯⟩
                          ⟨(↑(blockIndex06 a b) - 2352) % 16, ⋯⟩
                      else
                        if ↑(blockIndex06 a b) < 2864 then
                          Family10.countCode ⟨(↑(blockIndex06 a b) - 2608) / 16 % 16, ⋯⟩
                            ⟨(↑(blockIndex06 a b) - 2608) % 16, ⋯⟩
                        else
                          if ↑(blockIndex06 a b) < 3120 then
                            Family11.countCode ⟨(↑(blockIndex06 a b) - 2864) / 16 % 16, ⋯⟩
                              ⟨(↑(blockIndex06 a b) - 2864) % 16, ⋯⟩
                          else
                            if ↑(blockIndex06 a b) < 3376 then
                              Family12.countCode ⟨(↑(blockIndex06 a b) - 3120) / 16 % 16, ⋯⟩
                                ⟨(↑(blockIndex06 a b) - 3120) % 16, ⋯⟩
                            else
                              Family13.countCode ⟨(↑(blockIndex06 a b) - 3376) / 16 % 16, ⋯⟩
                                ⟨(↑(blockIndex06 a b) - 3376) % 16, ⋯⟩) =
    Family06.countCode a b
Taeyoung\Methods\RootedSOS\Induced\Six\FlatBlocks.lean:162:2: error: Type mismatch
  Fin.natAdd 16
    (Fin.natAdd 400
      (Fin.natAdd 400
        (Fin.natAdd 256
          (Fin.natAdd 256 (Fin.natAdd 256 (Fin.natAdd 256 (Fin.castAdd ?m.29 (finProdFinEquiv (a, b)))))))))
has type
  Fin (16 + (400 + (400 + (256 + (256 + (256 + (256 + (16 * 16 + ?m.29))))))))
but is expected to have type
  Fin 3632
Taeyoung\Methods\RootedSOS\Induced\Six\FlatBlocks.lean:165:8: warning: declaration uses `sorry`
Taeyoung\Methods\RootedSOS\Induced\Six\FlatBlocks.lean:163:16: warning: declaration uses `sorry`
Taeyoung\Methods\RootedSOS\Induced\Six\FlatBlocks.lean:165:22: warning: This simp argument is unused:
  finProdFinEquiv

Hint: Omit it from the simp argument list.
  simp [blockIndex07, f̵i̵n̵P̵r̵o̵d̵F̵i̵n̵E̵q̵u̵i̵v̵,̵ ̵Nat.add_assoc]

Note: This linter can be disabled with `set_option linter.unusedSimpArgs false`
Taeyoung\Methods\RootedSOS\Induced\Six\FlatBlocks.lean:165:54: warning: Used `tac1 <;> tac2` where `(tac1; tac2)` would suffice

Note: This linter can be disabled with `set_option linter.unnecessarySeqFocus false`
Taeyoung\Methods\RootedSOS\Induced\Six\FlatBlocks.lean:169:2: error: `simp` failed: maximum number of steps exceeded
Taeyoung\Methods\RootedSOS\Induced\Six\FlatBlocks.lean:169:2: error: `simp` failed: maximum number of steps exceeded
Taeyoung\Methods\RootedSOS\Induced\Six\FlatBlocks.lean:171:2: error: Tactic `apply` failed: could not unify the conclusion of `congrArg₂ Family07.countCode`
  Family07.countCode ?m.28 ?m.30 = Family07.countCode ?m.29 ?m.31
with the goal
  (if ↑(blockIndex07 a b) < 16 then
      Family00.countCode ⟨(↑(blockIndex07 a b) - 0) / 4 % 4, ⋯⟩ ⟨(↑(blockIndex07 a b) - 0) % 4, ⋯⟩
    else
      if ↑(blockIndex07 a b) < 416 then
        Family01.countCode ⟨(↑(blockIndex07 a b) - 16) / 20 % 20, ⋯⟩ ⟨(↑(blockIndex07 a b) - 16) % 20, ⋯⟩
      else
        if ↑(blockIndex07 a b) < 816 then
          Family02.countCode ⟨(↑(blockIndex07 a b) - 416) / 20 % 20, ⋯⟩ ⟨(↑(blockIndex07 a b) - 416) % 20, ⋯⟩
        else
          if ↑(blockIndex07 a b) < 1072 then
            Family03.countCode ⟨(↑(blockIndex07 a b) - 816) / 16 % 16, ⋯⟩ ⟨(↑(blockIndex07 a b) - 816) % 16, ⋯⟩
          else
            if ↑(blockIndex07 a b) < 1328 then
              Family04.countCode ⟨(↑(blockIndex07 a b) - 1072) / 16 % 16, ⋯⟩ ⟨(↑(blockIndex07 a b) - 1072) % 16, ⋯⟩
            else
              if ↑(blockIndex07 a b) < 1584 then
                Family05.countCode ⟨(↑(blockIndex07 a b) - 1328) / 16 % 16, ⋯⟩ ⟨(↑(blockIndex07 a b) - 1328) % 16, ⋯⟩
              else
                if ↑(blockIndex07 a b) < 1840 then
                  Family06.countCode ⟨(↑(blockIndex07 a b) - 1584) / 16 % 16, ⋯⟩ ⟨(↑(blockIndex07 a b) - 1584) % 16, ⋯⟩
                else
                  if ↑(blockIndex07 a b) < 2096 then
                    Family07.countCode ⟨(↑(blockIndex07 a b) - 1840) / 16 % 16, ⋯⟩
                      ⟨(↑(blockIndex07 a b) - 1840) % 16, ⋯⟩
                  else
                    if ↑(blockIndex07 a b) < 2352 then
                      Family08.countCode ⟨(↑(blockIndex07 a b) - 2096) / 16 % 16, ⋯⟩
                        ⟨(↑(blockIndex07 a b) - 2096) % 16, ⋯⟩
                    else
                      if ↑(blockIndex07 a b) < 2608 then
                        Family09.countCode ⟨(↑(blockIndex07 a b) - 2352) / 16 % 16, ⋯⟩
                          ⟨(↑(blockIndex07 a b) - 2352) % 16, ⋯⟩
                      else
                        if ↑(blockIndex07 a b) < 2864 then
                          Family10.countCode ⟨(↑(blockIndex07 a b) - 2608) / 16 % 16, ⋯⟩
                            ⟨(↑(blockIndex07 a b) - 2608) % 16, ⋯⟩
                        else
                          if ↑(blockIndex07 a b) < 3120 then
                            Family11.countCode ⟨(↑(blockIndex07 a b) - 2864) / 16 % 16, ⋯⟩
                              ⟨(↑(blockIndex07 a b) - 2864) % 16, ⋯⟩
                          else
                            if ↑(blockIndex07 a b) < 3376 then
                              Family12.countCode ⟨(↑(blockIndex07 a b) - 3120) / 16 % 16, ⋯⟩
                                ⟨(↑(blockIndex07 a b) - 3120) % 16, ⋯⟩
                            else
                              Family13.countCode ⟨(↑(blockIndex07 a b) - 3376) / 16 % 16, ⋯⟩
                                ⟨(↑(blockIndex07 a b) - 3376) % 16, ⋯⟩) =
    Family07.countCode a b

Note: The full type of `congrArg₂ Family07.countCode` is
  ?m.28 = ?m.29 → ?m.30 = ?m.31 → Family07.countCode ?m.28 ?m.30 = Family07.countCode ?m.29 ?m.31

case neg
a b : Fin 16
h✝ : ¬↑(blockIndex07 a b) < 16
⊢ (if ↑(blockIndex07 a b) < 16 then
      Family00.countCode ⟨(↑(blockIndex07 a b) - 0) / 4 % 4, ⋯⟩ ⟨(↑(blockIndex07 a b) - 0) % 4, ⋯⟩
    else
      if ↑(blockIndex07 a b) < 416 then
        Family01.countCode ⟨(↑(blockIndex07 a b) - 16) / 20 % 20, ⋯⟩ ⟨(↑(blockIndex07 a b) - 16) % 20, ⋯⟩
      else
        if ↑(blockIndex07 a b) < 816 then
          Family02.countCode ⟨(↑(blockIndex07 a b) - 416) / 20 % 20, ⋯⟩ ⟨(↑(blockIndex07 a b) - 416) % 20, ⋯⟩
        else
          if ↑(blockIndex07 a b) < 1072 then
            Family03.countCode ⟨(↑(blockIndex07 a b) - 816) / 16 % 16, ⋯⟩ ⟨(↑(blockIndex07 a b) - 816) % 16, ⋯⟩
          else
            if ↑(blockIndex07 a b) < 1328 then
              Family04.countCode ⟨(↑(blockIndex07 a b) - 1072) / 16 % 16, ⋯⟩ ⟨(↑(blockIndex07 a b) - 1072) % 16, ⋯⟩
            else
              if ↑(blockIndex07 a b) < 1584 then
                Family05.countCode ⟨(↑(blockIndex07 a b) - 1328) / 16 % 16, ⋯⟩ ⟨(↑(blockIndex07 a b) - 1328) % 16, ⋯⟩
              else
                if ↑(blockIndex07 a b) < 1840 then
                  Family06.countCode ⟨(↑(blockIndex07 a b) - 1584) / 16 % 16, ⋯⟩ ⟨(↑(blockIndex07 a b) - 1584) % 16, ⋯⟩
                else
                  if ↑(blockIndex07 a b) < 2096 then
                    Family07.countCode ⟨(↑(blockIndex07 a b) - 1840) / 16 % 16, ⋯⟩
                      ⟨(↑(blockIndex07 a b) - 1840) % 16, ⋯⟩
                  else
                    if ↑(blockIndex07 a b) < 2352 then
                      Family08.countCode ⟨(↑(blockIndex07 a b) - 2096) / 16 % 16, ⋯⟩
                        ⟨(↑(blockIndex07 a b) - 2096) % 16, ⋯⟩
                    else
                      if ↑(blockIndex07 a b) < 2608 then
                        Family09.countCode ⟨(↑(blockIndex07 a b) - 2352) / 16 % 16, ⋯⟩
                          ⟨(↑(blockIndex07 a b) - 2352) % 16, ⋯⟩
                      else
                        if ↑(blockIndex07 a b) < 2864 then
                          Family10.countCode ⟨(↑(blockIndex07 a b) - 2608) / 16 % 16, ⋯⟩
                            ⟨(↑(blockIndex07 a b) - 2608) % 16, ⋯⟩
                        else
                          if ↑(blockIndex07 a b) < 3120 then
                            Family11.countCode ⟨(↑(blockIndex07 a b) - 2864) / 16 % 16, ⋯⟩
                              ⟨(↑(blockIndex07 a b) - 2864) % 16, ⋯⟩
                          else
                            if ↑(blockIndex07 a b) < 3376 then
                              Family12.countCode ⟨(↑(blockIndex07 a b) - 3120) / 16 % 16, ⋯⟩
                                ⟨(↑(blockIndex07 a b) - 3120) % 16, ⋯⟩
                            else
                              Family13.countCode ⟨(↑(blockIndex07 a b) - 3376) / 16 % 16, ⋯⟩
                                ⟨(↑(blockIndex07 a b) - 3376) % 16, ⋯⟩) =
    Family07.countCode a b
Taeyoung\Methods\RootedSOS\Induced\Six\FlatBlocks.lean:177:2: error: Type mismatch
  Fin.natAdd 16
    (Fin.natAdd 400
      (Fin.natAdd 400
        (Fin.natAdd 256
          (Fin.natAdd 256
            (Fin.natAdd 256 (Fin.natAdd 256 (Fin.natAdd 256 (Fin.castAdd ?m.32 (finProdFinEquiv (a, b))))))))))
has type
  Fin (16 + (400 + (400 + (256 + (256 + (256 + (256 + (256 + (16 * 16 + ?m.32)))))))))
but is expected to have type
  Fin 3632
Taeyoung\Methods\RootedSOS\Induced\Six\FlatBlocks.lean:180:8: warning: declaration uses `sorry`
Taeyoung\Methods\RootedSOS\Induced\Six\FlatBlocks.lean:178:16: warning: declaration uses `sorry`
Taeyoung\Methods\RootedSOS\Induced\Six\FlatBlocks.lean:180:22: warning: This simp argument is unused:
  finProdFinEquiv

Hint: Omit it from the simp argument list.
  simp [blockIndex08, f̵i̵n̵P̵r̵o̵d̵F̵i̵n̵E̵q̵u̵i̵v̵,̵ ̵Nat.add_assoc]

Note: This linter can be disabled with `set_option linter.unusedSimpArgs false`
Taeyoung\Methods\RootedSOS\Induced\Six\FlatBlocks.lean:180:54: warning: Used `tac1 <;> tac2` where `(tac1; tac2)` would suffice

Note: This linter can be disabled with `set_option linter.unnecessarySeqFocus false`
Taeyoung\Methods\RootedSOS\Induced\Six\FlatBlocks.lean:184:2: error: `simp` failed: maximum number of steps exceeded
Taeyoung\Methods\RootedSOS\Induced\Six\FlatBlocks.lean:184:2: error: `simp` failed: maximum number of steps exceeded
Taeyoung\Methods\RootedSOS\Induced\Six\FlatBlocks.lean:186:2: error: Tactic `apply` failed: could not unify the conclusion of `congrArg₂ Family08.countCode`
  Family08.countCode ?m.28 ?m.30 = Family08.countCode ?m.29 ?m.31
with the goal
  (if ↑(blockIndex08 a b) < 16 then
      Family00.countCode ⟨(↑(blockIndex08 a b) - 0) / 4 % 4, ⋯⟩ ⟨(↑(blockIndex08 a b) - 0) % 4, ⋯⟩
    else
      if ↑(blockIndex08 a b) < 416 then
        Family01.countCode ⟨(↑(blockIndex08 a b) - 16) / 20 % 20, ⋯⟩ ⟨(↑(blockIndex08 a b) - 16) % 20, ⋯⟩
      else
        if ↑(blockIndex08 a b) < 816 then
          Family02.countCode ⟨(↑(blockIndex08 a b) - 416) / 20 % 20, ⋯⟩ ⟨(↑(blockIndex08 a b) - 416) % 20, ⋯⟩
        else
          if ↑(blockIndex08 a b) < 1072 then
            Family03.countCode ⟨(↑(blockIndex08 a b) - 816) / 16 % 16, ⋯⟩ ⟨(↑(blockIndex08 a b) - 816) % 16, ⋯⟩
          else
            if ↑(blockIndex08 a b) < 1328 then
              Family04.countCode ⟨(↑(blockIndex08 a b) - 1072) / 16 % 16, ⋯⟩ ⟨(↑(blockIndex08 a b) - 1072) % 16, ⋯⟩
            else
              if ↑(blockIndex08 a b) < 1584 then
                Family05.countCode ⟨(↑(blockIndex08 a b) - 1328) / 16 % 16, ⋯⟩ ⟨(↑(blockIndex08 a b) - 1328) % 16, ⋯⟩
              else
                if ↑(blockIndex08 a b) < 1840 then
                  Family06.countCode ⟨(↑(blockIndex08 a b) - 1584) / 16 % 16, ⋯⟩ ⟨(↑(blockIndex08 a b) - 1584) % 16, ⋯⟩
                else
                  if ↑(blockIndex08 a b) < 2096 then
                    Family07.countCode ⟨(↑(blockIndex08 a b) - 1840) / 16 % 16, ⋯⟩
                      ⟨(↑(blockIndex08 a b) - 1840) % 16, ⋯⟩
                  else
                    if ↑(blockIndex08 a b) < 2352 then
                      Family08.countCode ⟨(↑(blockIndex08 a b) - 2096) / 16 % 16, ⋯⟩
                        ⟨(↑(blockIndex08 a b) - 2096) % 16, ⋯⟩
                    else
                      if ↑(blockIndex08 a b) < 2608 then
                        Family09.countCode ⟨(↑(blockIndex08 a b) - 2352) / 16 % 16, ⋯⟩
                          ⟨(↑(blockIndex08 a b) - 2352) % 16, ⋯⟩
                      else
                        if ↑(blockIndex08 a b) < 2864 then
                          Family10.countCode ⟨(↑(blockIndex08 a b) - 2608) / 16 % 16, ⋯⟩
                            ⟨(↑(blockIndex08 a b) - 2608) % 16, ⋯⟩
                        else
                          if ↑(blockIndex08 a b) < 3120 then
                            Family11.countCode ⟨(↑(blockIndex08 a b) - 2864) / 16 % 16, ⋯⟩
                              ⟨(↑(blockIndex08 a b) - 2864) % 16, ⋯⟩
                          else
                            if ↑(blockIndex08 a b) < 3376 then
                              Family12.countCode ⟨(↑(blockIndex08 a b) - 3120) / 16 % 16, ⋯⟩
                                ⟨(↑(blockIndex08 a b) - 3120) % 16, ⋯⟩
                            else
                              Family13.countCode ⟨(↑(blockIndex08 a b) - 3376) / 16 % 16, ⋯⟩
                                ⟨(↑(blockIndex08 a b) - 3376) % 16, ⋯⟩) =
    Family08.countCode a b

Note: The full type of `congrArg₂ Family08.countCode` is
  ?m.28 = ?m.29 → ?m.30 = ?m.31 → Family08.countCode ?m.28 ?m.30 = Family08.countCode ?m.29 ?m.31

case neg
a b : Fin 16
h✝ : ¬↑(blockIndex08 a b) < 16
⊢ (if ↑(blockIndex08 a b) < 16 then
      Family00.countCode ⟨(↑(blockIndex08 a b) - 0) / 4 % 4, ⋯⟩ ⟨(↑(blockIndex08 a b) - 0) % 4, ⋯⟩
    else
      if ↑(blockIndex08 a b) < 416 then
        Family01.countCode ⟨(↑(blockIndex08 a b) - 16) / 20 % 20, ⋯⟩ ⟨(↑(blockIndex08 a b) - 16) % 20, ⋯⟩
      else
        if ↑(blockIndex08 a b) < 816 then
          Family02.countCode ⟨(↑(blockIndex08 a b) - 416) / 20 % 20, ⋯⟩ ⟨(↑(blockIndex08 a b) - 416) % 20, ⋯⟩
        else
          if ↑(blockIndex08 a b) < 1072 then
            Family03.countCode ⟨(↑(blockIndex08 a b) - 816) / 16 % 16, ⋯⟩ ⟨(↑(blockIndex08 a b) - 816) % 16, ⋯⟩
          else
            if ↑(blockIndex08 a b) < 1328 then
              Family04.countCode ⟨(↑(blockIndex08 a b) - 1072) / 16 % 16, ⋯⟩ ⟨(↑(blockIndex08 a b) - 1072) % 16, ⋯⟩
            else
              if ↑(blockIndex08 a b) < 1584 then
                Family05.countCode ⟨(↑(blockIndex08 a b) - 1328) / 16 % 16, ⋯⟩ ⟨(↑(blockIndex08 a b) - 1328) % 16, ⋯⟩
              else
                if ↑(blockIndex08 a b) < 1840 then
                  Family06.countCode ⟨(↑(blockIndex08 a b) - 1584) / 16 % 16, ⋯⟩ ⟨(↑(blockIndex08 a b) - 1584) % 16, ⋯⟩
                else
                  if ↑(blockIndex08 a b) < 2096 then
                    Family07.countCode ⟨(↑(blockIndex08 a b) - 1840) / 16 % 16, ⋯⟩
                      ⟨(↑(blockIndex08 a b) - 1840) % 16, ⋯⟩
                  else
                    if ↑(blockIndex08 a b) < 2352 then
                      Family08.countCode ⟨(↑(blockIndex08 a b) - 2096) / 16 % 16, ⋯⟩
                        ⟨(↑(blockIndex08 a b) - 2096) % 16, ⋯⟩
                    else
                      if ↑(blockIndex08 a b) < 2608 then
                        Family09.countCode ⟨(↑(blockIndex08 a b) - 2352) / 16 % 16, ⋯⟩
                          ⟨(↑(blockIndex08 a b) - 2352) % 16, ⋯⟩
                      else
                        if ↑(blockIndex08 a b) < 2864 then
                          Family10.countCode ⟨(↑(blockIndex08 a b) - 2608) / 16 % 16, ⋯⟩
                            ⟨(↑(blockIndex08 a b) - 2608) % 16, ⋯⟩
                        else
                          if ↑(blockIndex08 a b) < 3120 then
                            Family11.countCode ⟨(↑(blockIndex08 a b) - 2864) / 16 % 16, ⋯⟩
                              ⟨(↑(blockIndex08 a b) - 2864) % 16, ⋯⟩
                          else
                            if ↑(blockIndex08 a b) < 3376 then
                              Family12.countCode ⟨(↑(blockIndex08 a b) - 3120) / 16 % 16, ⋯⟩
                                ⟨(↑(blockIndex08 a b) - 3120) % 16, ⋯⟩
                            else
                              Family13.countCode ⟨(↑(blockIndex08 a b) - 3376) / 16 % 16, ⋯⟩
                                ⟨(↑(blockIndex08 a b) - 3376) % 16, ⋯⟩) =
    Family08.countCode a b
Taeyoung\Methods\RootedSOS\Induced\Six\FlatBlocks.lean:192:2: error: Type mismatch
  Fin.natAdd 16
    (Fin.natAdd 400
      (Fin.natAdd 400
        (Fin.natAdd 256
          (Fin.natAdd 256
            (Fin.natAdd 256
              (Fin.natAdd 256 (Fin.natAdd 256 (Fin.natAdd 256 (Fin.castAdd ?m.35 (finProdFinEquiv (a, b)))))))))))
has type
  Fin (16 + (400 + (400 + (256 + (256 + (256 + (256 + (256 + (256 + (16 * 16 + ?m.35))))))))))
but is expected to have type
  Fin 3632
Taeyoung\Methods\RootedSOS\Induced\Six\FlatBlocks.lean:195:8: warning: declaration uses `sorry`
Taeyoung\Methods\RootedSOS\Induced\Six\FlatBlocks.lean:193:16: warning: declaration uses `sorry`
Taeyoung\Methods\RootedSOS\Induced\Six\FlatBlocks.lean:195:22: warning: This simp argument is unused:
  finProdFinEquiv

Hint: Omit it from the simp argument list.
  simp [blockIndex09, f̵i̵n̵P̵r̵o̵d̵F̵i̵n̵E̵q̵u̵i̵v̵,̵ ̵Nat.add_assoc]

Note: This linter can be disabled with `set_option linter.unusedSimpArgs false`
Taeyoung\Methods\RootedSOS\Induced\Six\FlatBlocks.lean:195:54: warning: Used `tac1 <;> tac2` where `(tac1; tac2)` would suffice

Note: This linter can be disabled with `set_option linter.unnecessarySeqFocus false`
Taeyoung\Methods\RootedSOS\Induced\Six\FlatBlocks.lean:199:2: error: `simp` failed: maximum number of steps exceeded
Taeyoung\Methods\RootedSOS\Induced\Six\FlatBlocks.lean:199:2: error: `simp` failed: maximum number of steps exceeded
Taeyoung\Methods\RootedSOS\Induced\Six\FlatBlocks.lean:201:2: error: Tactic `apply` failed: could not unify the conclusion of `congrArg₂ Family09.countCode`
  Family09.countCode ?m.28 ?m.30 = Family09.countCode ?m.29 ?m.31
with the goal
  (if ↑(blockIndex09 a b) < 16 then
      Family00.countCode ⟨(↑(blockIndex09 a b) - 0) / 4 % 4, ⋯⟩ ⟨(↑(blockIndex09 a b) - 0) % 4, ⋯⟩
    else
      if ↑(blockIndex09 a b) < 416 then
        Family01.countCode ⟨(↑(blockIndex09 a b) - 16) / 20 % 20, ⋯⟩ ⟨(↑(blockIndex09 a b) - 16) % 20, ⋯⟩
      else
        if ↑(blockIndex09 a b) < 816 then
          Family02.countCode ⟨(↑(blockIndex09 a b) - 416) / 20 % 20, ⋯⟩ ⟨(↑(blockIndex09 a b) - 416) % 20, ⋯⟩
        else
          if ↑(blockIndex09 a b) < 1072 then
            Family03.countCode ⟨(↑(blockIndex09 a b) - 816) / 16 % 16, ⋯⟩ ⟨(↑(blockIndex09 a b) - 816) % 16, ⋯⟩
          else
            if ↑(blockIndex09 a b) < 1328 then
              Family04.countCode ⟨(↑(blockIndex09 a b) - 1072) / 16 % 16, ⋯⟩ ⟨(↑(blockIndex09 a b) - 1072) % 16, ⋯⟩
            else
              if ↑(blockIndex09 a b) < 1584 then
                Family05.countCode ⟨(↑(blockIndex09 a b) - 1328) / 16 % 16, ⋯⟩ ⟨(↑(blockIndex09 a b) - 1328) % 16, ⋯⟩
              else
                if ↑(blockIndex09 a b) < 1840 then
                  Family06.countCode ⟨(↑(blockIndex09 a b) - 1584) / 16 % 16, ⋯⟩ ⟨(↑(blockIndex09 a b) - 1584) % 16, ⋯⟩
                else
                  if ↑(blockIndex09 a b) < 2096 then
                    Family07.countCode ⟨(↑(blockIndex09 a b) - 1840) / 16 % 16, ⋯⟩
                      ⟨(↑(blockIndex09 a b) - 1840) % 16, ⋯⟩
                  else
                    if ↑(blockIndex09 a b) < 2352 then
                      Family08.countCode ⟨(↑(blockIndex09 a b) - 2096) / 16 % 16, ⋯⟩
                        ⟨(↑(blockIndex09 a b) - 2096) % 16, ⋯⟩
                    else
                      if ↑(blockIndex09 a b) < 2608 then
                        Family09.countCode ⟨(↑(blockIndex09 a b) - 2352) / 16 % 16, ⋯⟩
                          ⟨(↑(blockIndex09 a b) - 2352) % 16, ⋯⟩
                      else
                        if ↑(blockIndex09 a b) < 2864 then
                          Family10.countCode ⟨(↑(blockIndex09 a b) - 2608) / 16 % 16, ⋯⟩
                            ⟨(↑(blockIndex09 a b) - 2608) % 16, ⋯⟩
                        else
                          if ↑(blockIndex09 a b) < 3120 then
                            Family11.countCode ⟨(↑(blockIndex09 a b) - 2864) / 16 % 16, ⋯⟩
                              ⟨(↑(blockIndex09 a b) - 2864) % 16, ⋯⟩
                          else
                            if ↑(blockIndex09 a b) < 3376 then
                              Family12.countCode ⟨(↑(blockIndex09 a b) - 3120) / 16 % 16, ⋯⟩
                                ⟨(↑(blockIndex09 a b) - 3120) % 16, ⋯⟩
                            else
                              Family13.countCode ⟨(↑(blockIndex09 a b) - 3376) / 16 % 16, ⋯⟩
                                ⟨(↑(blockIndex09 a b) - 3376) % 16, ⋯⟩) =
    Family09.countCode a b

Note: The full type of `congrArg₂ Family09.countCode` is
  ?m.28 = ?m.29 → ?m.30 = ?m.31 → Family09.countCode ?m.28 ?m.30 = Family09.countCode ?m.29 ?m.31

case neg
a b : Fin 16
h✝ : ¬↑(blockIndex09 a b) < 16
⊢ (if ↑(blockIndex09 a b) < 16 then
      Family00.countCode ⟨(↑(blockIndex09 a b) - 0) / 4 % 4, ⋯⟩ ⟨(↑(blockIndex09 a b) - 0) % 4, ⋯⟩
    else
      if ↑(blockIndex09 a b) < 416 then
        Family01.countCode ⟨(↑(blockIndex09 a b) - 16) / 20 % 20, ⋯⟩ ⟨(↑(blockIndex09 a b) - 16) % 20, ⋯⟩
      else
        if ↑(blockIndex09 a b) < 816 then
          Family02.countCode ⟨(↑(blockIndex09 a b) - 416) / 20 % 20, ⋯⟩ ⟨(↑(blockIndex09 a b) - 416) % 20, ⋯⟩
        else
          if ↑(blockIndex09 a b) < 1072 then
            Family03.countCode ⟨(↑(blockIndex09 a b) - 816) / 16 % 16, ⋯⟩ ⟨(↑(blockIndex09 a b) - 816) % 16, ⋯⟩
          else
            if ↑(blockIndex09 a b) < 1328 then
              Family04.countCode ⟨(↑(blockIndex09 a b) - 1072) / 16 % 16, ⋯⟩ ⟨(↑(blockIndex09 a b) - 1072) % 16, ⋯⟩
            else
              if ↑(blockIndex09 a b) < 1584 then
                Family05.countCode ⟨(↑(blockIndex09 a b) - 1328) / 16 % 16, ⋯⟩ ⟨(↑(blockIndex09 a b) - 1328) % 16, ⋯⟩
              else
                if ↑(blockIndex09 a b) < 1840 then
                  Family06.countCode ⟨(↑(blockIndex09 a b) - 1584) / 16 % 16, ⋯⟩ ⟨(↑(blockIndex09 a b) - 1584) % 16, ⋯⟩
                else
                  if ↑(blockIndex09 a b) < 2096 then
                    Family07.countCode ⟨(↑(blockIndex09 a b) - 1840) / 16 % 16, ⋯⟩
                      ⟨(↑(blockIndex09 a b) - 1840) % 16, ⋯⟩
                  else
                    if ↑(blockIndex09 a b) < 2352 then
                      Family08.countCode ⟨(↑(blockIndex09 a b) - 2096) / 16 % 16, ⋯⟩
                        ⟨(↑(blockIndex09 a b) - 2096) % 16, ⋯⟩
                    else
                      if ↑(blockIndex09 a b) < 2608 then
                        Family09.countCode ⟨(↑(blockIndex09 a b) - 2352) / 16 % 16, ⋯⟩
                          ⟨(↑(blockIndex09 a b) - 2352) % 16, ⋯⟩
                      else
                        if ↑(blockIndex09 a b) < 2864 then
                          Family10.countCode ⟨(↑(blockIndex09 a b) - 2608) / 16 % 16, ⋯⟩
                            ⟨(↑(blockIndex09 a b) - 2608) % 16, ⋯⟩
                        else
                          if ↑(blockIndex09 a b) < 3120 then
                            Family11.countCode ⟨(↑(blockIndex09 a b) - 2864) / 16 % 16, ⋯⟩
                              ⟨(↑(blockIndex09 a b) - 2864) % 16, ⋯⟩
                          else
                            if ↑(blockIndex09 a b) < 3376 then
                              Family12.countCode ⟨(↑(blockIndex09 a b) - 3120) / 16 % 16, ⋯⟩
                                ⟨(↑(blockIndex09 a b) - 3120) % 16, ⋯⟩
                            else
                              Family13.countCode ⟨(↑(blockIndex09 a b) - 3376) / 16 % 16, ⋯⟩
                                ⟨(↑(blockIndex09 a b) - 3376) % 16, ⋯⟩) =
    Family09.countCode a b
Taeyoung\Methods\RootedSOS\Induced\Six\FlatBlocks.lean:207:2: error: Type mismatch
  Fin.natAdd 16
    (Fin.natAdd 400
      (Fin.natAdd 400
        (Fin.natAdd 256
          (Fin.natAdd 256
            (Fin.natAdd 256
              (Fin.natAdd 256
                (Fin.natAdd 256 (Fin.natAdd 256 (Fin.natAdd 256 (Fin.castAdd ?m.38 (finProdFinEquiv (a, b))))))))))))
has type
  Fin (16 + (400 + (400 + (256 + (256 + (256 + (256 + (256 + (256 + (256 + (16 * 16 + ?m.38)))))))))))
but is expected to have type
  Fin 3632
Taeyoung\Methods\RootedSOS\Induced\Six\FlatBlocks.lean:210:8: warning: declaration uses `sorry`
Taeyoung\Methods\RootedSOS\Induced\Six\FlatBlocks.lean:208:16: warning: declaration uses `sorry`
Taeyoung\Methods\RootedSOS\Induced\Six\FlatBlocks.lean:210:22: warning: This simp argument is unused:
  finProdFinEquiv

Hint: Omit it from the simp argument list.
  simp [blockIndex10, f̵i̵n̵P̵r̵o̵d̵F̵i̵n̵E̵q̵u̵i̵v̵,̵ ̵Nat.add_assoc]

Note: This linter can be disabled with `set_option linter.unusedSimpArgs false`
Taeyoung\Methods\RootedSOS\Induced\Six\FlatBlocks.lean:210:54: warning: Used `tac1 <;> tac2` where `(tac1; tac2)` would suffice

Note: This linter can be disabled with `set_option linter.unnecessarySeqFocus false`
Taeyoung\Methods\RootedSOS\Induced\Six\FlatBlocks.lean:214:2: error: `simp` failed: maximum number of steps exceeded
Taeyoung\Methods\RootedSOS\Induced\Six\FlatBlocks.lean:214:2: error: `simp` failed: maximum number of steps exceeded
Taeyoung\Methods\RootedSOS\Induced\Six\FlatBlocks.lean:216:2: error: Tactic `apply` failed: could not unify the conclusion of `congrArg₂ Family10.countCode`
  Family10.countCode ?m.28 ?m.30 = Family10.countCode ?m.29 ?m.31
with the goal
  (if ↑(blockIndex10 a b) < 16 then
      Family00.countCode ⟨(↑(blockIndex10 a b) - 0) / 4 % 4, ⋯⟩ ⟨(↑(blockIndex10 a b) - 0) % 4, ⋯⟩
    else
      if ↑(blockIndex10 a b) < 416 then
        Family01.countCode ⟨(↑(blockIndex10 a b) - 16) / 20 % 20, ⋯⟩ ⟨(↑(blockIndex10 a b) - 16) % 20, ⋯⟩
      else
        if ↑(blockIndex10 a b) < 816 then
          Family02.countCode ⟨(↑(blockIndex10 a b) - 416) / 20 % 20, ⋯⟩ ⟨(↑(blockIndex10 a b) - 416) % 20, ⋯⟩
        else
          if ↑(blockIndex10 a b) < 1072 then
            Family03.countCode ⟨(↑(blockIndex10 a b) - 816) / 16 % 16, ⋯⟩ ⟨(↑(blockIndex10 a b) - 816) % 16, ⋯⟩
          else
            if ↑(blockIndex10 a b) < 1328 then
              Family04.countCode ⟨(↑(blockIndex10 a b) - 1072) / 16 % 16, ⋯⟩ ⟨(↑(blockIndex10 a b) - 1072) % 16, ⋯⟩
            else
              if ↑(blockIndex10 a b) < 1584 then
                Family05.countCode ⟨(↑(blockIndex10 a b) - 1328) / 16 % 16, ⋯⟩ ⟨(↑(blockIndex10 a b) - 1328) % 16, ⋯⟩
              else
                if ↑(blockIndex10 a b) < 1840 then
                  Family06.countCode ⟨(↑(blockIndex10 a b) - 1584) / 16 % 16, ⋯⟩ ⟨(↑(blockIndex10 a b) - 1584) % 16, ⋯⟩
                else
                  if ↑(blockIndex10 a b) < 2096 then
                    Family07.countCode ⟨(↑(blockIndex10 a b) - 1840) / 16 % 16, ⋯⟩
                      ⟨(↑(blockIndex10 a b) - 1840) % 16, ⋯⟩
                  else
                    if ↑(blockIndex10 a b) < 2352 then
                      Family08.countCode ⟨(↑(blockIndex10 a b) - 2096) / 16 % 16, ⋯⟩
                        ⟨(↑(blockIndex10 a b) - 2096) % 16, ⋯⟩
                    else
                      if ↑(blockIndex10 a b) < 2608 then
                        Family09.countCode ⟨(↑(blockIndex10 a b) - 2352) / 16 % 16, ⋯⟩
                          ⟨(↑(blockIndex10 a b) - 2352) % 16, ⋯⟩
                      else
                        if ↑(blockIndex10 a b) < 2864 then
                          Family10.countCode ⟨(↑(blockIndex10 a b) - 2608) / 16 % 16, ⋯⟩
                            ⟨(↑(blockIndex10 a b) - 2608) % 16, ⋯⟩
                        else
                          if ↑(blockIndex10 a b) < 3120 then
                            Family11.countCode ⟨(↑(blockIndex10 a b) - 2864) / 16 % 16, ⋯⟩
                              ⟨(↑(blockIndex10 a b) - 2864) % 16, ⋯⟩
                          else
                            if ↑(blockIndex10 a b) < 3376 then
                              Family12.countCode ⟨(↑(blockIndex10 a b) - 3120) / 16 % 16, ⋯⟩
                                ⟨(↑(blockIndex10 a b) - 3120) % 16, ⋯⟩
                            else
                              Family13.countCode ⟨(↑(blockIndex10 a b) - 3376) / 16 % 16, ⋯⟩
                                ⟨(↑(blockIndex10 a b) - 3376) % 16, ⋯⟩) =
    Family10.countCode a b

Note: The full type of `congrArg₂ Family10.countCode` is
  ?m.28 = ?m.29 → ?m.30 = ?m.31 → Family10.countCode ?m.28 ?m.30 = Family10.countCode ?m.29 ?m.31

case neg
a b : Fin 16
h✝ : ¬↑(blockIndex10 a b) < 16
⊢ (if ↑(blockIndex10 a b) < 16 then
      Family00.countCode ⟨(↑(blockIndex10 a b) - 0) / 4 % 4, ⋯⟩ ⟨(↑(blockIndex10 a b) - 0) % 4, ⋯⟩
    else
      if ↑(blockIndex10 a b) < 416 then
        Family01.countCode ⟨(↑(blockIndex10 a b) - 16) / 20 % 20, ⋯⟩ ⟨(↑(blockIndex10 a b) - 16) % 20, ⋯⟩
      else
        if ↑(blockIndex10 a b) < 816 then
          Family02.countCode ⟨(↑(blockIndex10 a b) - 416) / 20 % 20, ⋯⟩ ⟨(↑(blockIndex10 a b) - 416) % 20, ⋯⟩
        else
          if ↑(blockIndex10 a b) < 1072 then
            Family03.countCode ⟨(↑(blockIndex10 a b) - 816) / 16 % 16, ⋯⟩ ⟨(↑(blockIndex10 a b) - 816) % 16, ⋯⟩
          else
            if ↑(blockIndex10 a b) < 1328 then
              Family04.countCode ⟨(↑(blockIndex10 a b) - 1072) / 16 % 16, ⋯⟩ ⟨(↑(blockIndex10 a b) - 1072) % 16, ⋯⟩
            else
              if ↑(blockIndex10 a b) < 1584 then
                Family05.countCode ⟨(↑(blockIndex10 a b) - 1328) / 16 % 16, ⋯⟩ ⟨(↑(blockIndex10 a b) - 1328) % 16, ⋯⟩
              else
                if ↑(blockIndex10 a b) < 1840 then
                  Family06.countCode ⟨(↑(blockIndex10 a b) - 1584) / 16 % 16, ⋯⟩ ⟨(↑(blockIndex10 a b) - 1584) % 16, ⋯⟩
                else
                  if ↑(blockIndex10 a b) < 2096 then
                    Family07.countCode ⟨(↑(blockIndex10 a b) - 1840) / 16 % 16, ⋯⟩
                      ⟨(↑(blockIndex10 a b) - 1840) % 16, ⋯⟩
                  else
                    if ↑(blockIndex10 a b) < 2352 then
                      Family08.countCode ⟨(↑(blockIndex10 a b) - 2096) / 16 % 16, ⋯⟩
                        ⟨(↑(blockIndex10 a b) - 2096) % 16, ⋯⟩
                    else
                      if ↑(blockIndex10 a b) < 2608 then
                        Family09.countCode ⟨(↑(blockIndex10 a b) - 2352) / 16 % 16, ⋯⟩
                          ⟨(↑(blockIndex10 a b) - 2352) % 16, ⋯⟩
                      else
                        if ↑(blockIndex10 a b) < 2864 then
                          Family10.countCode ⟨(↑(blockIndex10 a b) - 2608) / 16 % 16, ⋯⟩
                            ⟨(↑(blockIndex10 a b) - 2608) % 16, ⋯⟩
                        else
                          if ↑(blockIndex10 a b) < 3120 then
                            Family11.countCode ⟨(↑(blockIndex10 a b) - 2864) / 16 % 16, ⋯⟩
                              ⟨(↑(blockIndex10 a b) - 2864) % 16, ⋯⟩
                          else
                            if ↑(blockIndex10 a b) < 3376 then
                              Family12.countCode ⟨(↑(blockIndex10 a b) - 3120) / 16 % 16, ⋯⟩
                                ⟨(↑(blockIndex10 a b) - 3120) % 16, ⋯⟩
                            else
                              Family13.countCode ⟨(↑(blockIndex10 a b) - 3376) / 16 % 16, ⋯⟩
                                ⟨(↑(blockIndex10 a b) - 3376) % 16, ⋯⟩) =
    Family10.countCode a b
Taeyoung\Methods\RootedSOS\Induced\Six\FlatBlocks.lean:222:2: error: Type mismatch
  Fin.natAdd 16
    (Fin.natAdd 400
      (Fin.natAdd 400
        (Fin.natAdd 256
          (Fin.natAdd 256
            (Fin.natAdd 256
              (Fin.natAdd 256
                (Fin.natAdd 256
                  (Fin.natAdd 256 (Fin.natAdd 256 (Fin.natAdd 256 (Fin.castAdd ?m.41 (finProdFinEquiv (a, b)))))))))))))
has type
  Fin (16 + (400 + (400 + (256 + (256 + (256 + (256 + (256 + (256 + (256 + (256 + (16 * 16 + ?m.41))))))))))))
but is expected to have type
  Fin 3632
Taeyoung\Methods\RootedSOS\Induced\Six\FlatBlocks.lean:225:8: warning: declaration uses `sorry`
Taeyoung\Methods\RootedSOS\Induced\Six\FlatBlocks.lean:223:16: warning: declaration uses `sorry`
Taeyoung\Methods\RootedSOS\Induced\Six\FlatBlocks.lean:225:22: warning: This simp argument is unused:
  finProdFinEquiv

Hint: Omit it from the simp argument list.
  simp [blockIndex11, f̵i̵n̵P̵r̵o̵d̵F̵i̵n̵E̵q̵u̵i̵v̵,̵ ̵Nat.add_assoc]

Note: This linter can be disabled with `set_option linter.unusedSimpArgs false`
Taeyoung\Methods\RootedSOS\Induced\Six\FlatBlocks.lean:225:54: warning: Used `tac1 <;> tac2` where `(tac1; tac2)` would suffice

Note: This linter can be disabled with `set_option linter.unnecessarySeqFocus false`
Taeyoung\Methods\RootedSOS\Induced\Six\FlatBlocks.lean:229:2: error: `simp` failed: maximum number of steps exceeded
Taeyoung\Methods\RootedSOS\Induced\Six\FlatBlocks.lean:229:2: error: `simp` failed: maximum number of steps exceeded
Taeyoung\Methods\RootedSOS\Induced\Six\FlatBlocks.lean:231:2: error: Tactic `apply` failed: could not unify the conclusion of `congrArg₂ Family11.countCode`
  Family11.countCode ?m.28 ?m.30 = Family11.countCode ?m.29 ?m.31
with the goal
  (if ↑(blockIndex11 a b) < 16 then
      Family00.countCode ⟨(↑(blockIndex11 a b) - 0) / 4 % 4, ⋯⟩ ⟨(↑(blockIndex11 a b) - 0) % 4, ⋯⟩
    else
      if ↑(blockIndex11 a b) < 416 then
        Family01.countCode ⟨(↑(blockIndex11 a b) - 16) / 20 % 20, ⋯⟩ ⟨(↑(blockIndex11 a b) - 16) % 20, ⋯⟩
      else
        if ↑(blockIndex11 a b) < 816 then
          Family02.countCode ⟨(↑(blockIndex11 a b) - 416) / 20 % 20, ⋯⟩ ⟨(↑(blockIndex11 a b) - 416) % 20, ⋯⟩
        else
          if ↑(blockIndex11 a b) < 1072 then
            Family03.countCode ⟨(↑(blockIndex11 a b) - 816) / 16 % 16, ⋯⟩ ⟨(↑(blockIndex11 a b) - 816) % 16, ⋯⟩
          else
            if ↑(blockIndex11 a b) < 1328 then
              Family04.countCode ⟨(↑(blockIndex11 a b) - 1072) / 16 % 16, ⋯⟩ ⟨(↑(blockIndex11 a b) - 1072) % 16, ⋯⟩
            else
              if ↑(blockIndex11 a b) < 1584 then
                Family05.countCode ⟨(↑(blockIndex11 a b) - 1328) / 16 % 16, ⋯⟩ ⟨(↑(blockIndex11 a b) - 1328) % 16, ⋯⟩
              else
                if ↑(blockIndex11 a b) < 1840 then
                  Family06.countCode ⟨(↑(blockIndex11 a b) - 1584) / 16 % 16, ⋯⟩ ⟨(↑(blockIndex11 a b) - 1584) % 16, ⋯⟩
                else
                  if ↑(blockIndex11 a b) < 2096 then
                    Family07.countCode ⟨(↑(blockIndex11 a b) - 1840) / 16 % 16, ⋯⟩
                      ⟨(↑(blockIndex11 a b) - 1840) % 16, ⋯⟩
                  else
                    if ↑(blockIndex11 a b) < 2352 then
                      Family08.countCode ⟨(↑(blockIndex11 a b) - 2096) / 16 % 16, ⋯⟩
                        ⟨(↑(blockIndex11 a b) - 2096) % 16, ⋯⟩
                    else
                      if ↑(blockIndex11 a b) < 2608 then
                        Family09.countCode ⟨(↑(blockIndex11 a b) - 2352) / 16 % 16, ⋯⟩
                          ⟨(↑(blockIndex11 a b) - 2352) % 16, ⋯⟩
                      else
                        if ↑(blockIndex11 a b) < 2864 then
                          Family10.countCode ⟨(↑(blockIndex11 a b) - 2608) / 16 % 16, ⋯⟩
                            ⟨(↑(blockIndex11 a b) - 2608) % 16, ⋯⟩
                        else
                          if ↑(blockIndex11 a b) < 3120 then
                            Family11.countCode ⟨(↑(blockIndex11 a b) - 2864) / 16 % 16, ⋯⟩
                              ⟨(↑(blockIndex11 a b) - 2864) % 16, ⋯⟩
                          else
                            if ↑(blockIndex11 a b) < 3376 then
                              Family12.countCode ⟨(↑(blockIndex11 a b) - 3120) / 16 % 16, ⋯⟩
                                ⟨(↑(blockIndex11 a b) - 3120) % 16, ⋯⟩
                            else
                              Family13.countCode ⟨(↑(blockIndex11 a b) - 3376) / 16 % 16, ⋯⟩
                                ⟨(↑(blockIndex11 a b) - 3376) % 16, ⋯⟩) =
    Family11.countCode a b

Note: The full type of `congrArg₂ Family11.countCode` is
  ?m.28 = ?m.29 → ?m.30 = ?m.31 → Family11.countCode ?m.28 ?m.30 = Family11.countCode ?m.29 ?m.31

case neg
a b : Fin 16
h✝ : ¬↑(blockIndex11 a b) < 16
⊢ (if ↑(blockIndex11 a b) < 16 then
      Family00.countCode ⟨(↑(blockIndex11 a b) - 0) / 4 % 4, ⋯⟩ ⟨(↑(blockIndex11 a b) - 0) % 4, ⋯⟩
    else
      if ↑(blockIndex11 a b) < 416 then
        Family01.countCode ⟨(↑(blockIndex11 a b) - 16) / 20 % 20, ⋯⟩ ⟨(↑(blockIndex11 a b) - 16) % 20, ⋯⟩
      else
        if ↑(blockIndex11 a b) < 816 then
          Family02.countCode ⟨(↑(blockIndex11 a b) - 416) / 20 % 20, ⋯⟩ ⟨(↑(blockIndex11 a b) - 416) % 20, ⋯⟩
        else
          if ↑(blockIndex11 a b) < 1072 then
            Family03.countCode ⟨(↑(blockIndex11 a b) - 816) / 16 % 16, ⋯⟩ ⟨(↑(blockIndex11 a b) - 816) % 16, ⋯⟩
          else
            if ↑(blockIndex11 a b) < 1328 then
              Family04.countCode ⟨(↑(blockIndex11 a b) - 1072) / 16 % 16, ⋯⟩ ⟨(↑(blockIndex11 a b) - 1072) % 16, ⋯⟩
            else
              if ↑(blockIndex11 a b) < 1584 then
                Family05.countCode ⟨(↑(blockIndex11 a b) - 1328) / 16 % 16, ⋯⟩ ⟨(↑(blockIndex11 a b) - 1328) % 16, ⋯⟩
              else
                if ↑(blockIndex11 a b) < 1840 then
                  Family06.countCode ⟨(↑(blockIndex11 a b) - 1584) / 16 % 16, ⋯⟩ ⟨(↑(blockIndex11 a b) - 1584) % 16, ⋯⟩
                else
                  if ↑(blockIndex11 a b) < 2096 then
                    Family07.countCode ⟨(↑(blockIndex11 a b) - 1840) / 16 % 16, ⋯⟩
                      ⟨(↑(blockIndex11 a b) - 1840) % 16, ⋯⟩
                  else
                    if ↑(blockIndex11 a b) < 2352 then
                      Family08.countCode ⟨(↑(blockIndex11 a b) - 2096) / 16 % 16, ⋯⟩
                        ⟨(↑(blockIndex11 a b) - 2096) % 16, ⋯⟩
                    else
                      if ↑(blockIndex11 a b) < 2608 then
                        Family09.countCode ⟨(↑(blockIndex11 a b) - 2352) / 16 % 16, ⋯⟩
                          ⟨(↑(blockIndex11 a b) - 2352) % 16, ⋯⟩
                      else
                        if ↑(blockIndex11 a b) < 2864 then
                          Family10.countCode ⟨(↑(blockIndex11 a b) - 2608) / 16 % 16, ⋯⟩
                            ⟨(↑(blockIndex11 a b) - 2608) % 16, ⋯⟩
                        else
                          if ↑(blockIndex11 a b) < 3120 then
                            Family11.countCode ⟨(↑(blockIndex11 a b) - 2864) / 16 % 16, ⋯⟩
                              ⟨(↑(blockIndex11 a b) - 2864) % 16, ⋯⟩
                          else
                            if ↑(blockIndex11 a b) < 3376 then
                              Family12.countCode ⟨(↑(blockIndex11 a b) - 3120) / 16 % 16, ⋯⟩
                                ⟨(↑(blockIndex11 a b) - 3120) % 16, ⋯⟩
                            else
                              Family13.countCode ⟨(↑(blockIndex11 a b) - 3376) / 16 % 16, ⋯⟩
                                ⟨(↑(blockIndex11 a b) - 3376) % 16, ⋯⟩) =
    Family11.countCode a b
Taeyoung\Methods\RootedSOS\Induced\Six\FlatBlocks.lean:237:2: error: Type mismatch
  Fin.natAdd 16
    (Fin.natAdd 400
      (Fin.natAdd 400
        (Fin.natAdd 256
          (Fin.natAdd 256
            (Fin.natAdd 256
              (Fin.natAdd 256
                (Fin.natAdd 256
                  (Fin.natAdd 256
                    (Fin.natAdd 256
                      (Fin.natAdd 256 (Fin.natAdd 256 (Fin.castAdd ?m.44 (finProdFinEquiv (a, b))))))))))))))
has type
  Fin (16 + (400 + (400 + (256 + (256 + (256 + (256 + (256 + (256 + (256 + (256 + (256 + (16 * 16 + ?m.44)))))))))))))
but is expected to have type
  Fin 3632
Taeyoung\Methods\RootedSOS\Induced\Six\FlatBlocks.lean:240:8: warning: declaration uses `sorry`
Taeyoung\Methods\RootedSOS\Induced\Six\FlatBlocks.lean:238:16: warning: declaration uses `sorry`
Taeyoung\Methods\RootedSOS\Induced\Six\FlatBlocks.lean:240:22: warning: This simp argument is unused:
  finProdFinEquiv

Hint: Omit it from the simp argument list.
  simp [blockIndex12, f̵i̵n̵P̵r̵o̵d̵F̵i̵n̵E̵q̵u̵i̵v̵,̵ ̵Nat.add_assoc]

Note: This linter can be disabled with `set_option linter.unusedSimpArgs false`
Taeyoung\Methods\RootedSOS\Induced\Six\FlatBlocks.lean:240:54: warning: Used `tac1 <;> tac2` where `(tac1; tac2)` would suffice

Note: This linter can be disabled with `set_option linter.unnecessarySeqFocus false`
Taeyoung\Methods\RootedSOS\Induced\Six\FlatBlocks.lean:244:2: error: `simp` failed: maximum number of steps exceeded
Taeyoung\Methods\RootedSOS\Induced\Six\FlatBlocks.lean:244:2: error: `simp` failed: maximum number of steps exceeded
Taeyoung\Methods\RootedSOS\Induced\Six\FlatBlocks.lean:246:2: error: Tactic `apply` failed: could not unify the conclusion of `congrArg₂ Family12.countCode`
  Family12.countCode ?m.28 ?m.30 = Family12.countCode ?m.29 ?m.31
with the goal
  (if ↑(blockIndex12 a b) < 16 then
      Family00.countCode ⟨(↑(blockIndex12 a b) - 0) / 4 % 4, ⋯⟩ ⟨(↑(blockIndex12 a b) - 0) % 4, ⋯⟩
    else
      if ↑(blockIndex12 a b) < 416 then
        Family01.countCode ⟨(↑(blockIndex12 a b) - 16) / 20 % 20, ⋯⟩ ⟨(↑(blockIndex12 a b) - 16) % 20, ⋯⟩
      else
        if ↑(blockIndex12 a b) < 816 then
          Family02.countCode ⟨(↑(blockIndex12 a b) - 416) / 20 % 20, ⋯⟩ ⟨(↑(blockIndex12 a b) - 416) % 20, ⋯⟩
        else
          if ↑(blockIndex12 a b) < 1072 then
            Family03.countCode ⟨(↑(blockIndex12 a b) - 816) / 16 % 16, ⋯⟩ ⟨(↑(blockIndex12 a b) - 816) % 16, ⋯⟩
          else
            if ↑(blockIndex12 a b) < 1328 then
              Family04.countCode ⟨(↑(blockIndex12 a b) - 1072) / 16 % 16, ⋯⟩ ⟨(↑(blockIndex12 a b) - 1072) % 16, ⋯⟩
            else
              if ↑(blockIndex12 a b) < 1584 then
                Family05.countCode ⟨(↑(blockIndex12 a b) - 1328) / 16 % 16, ⋯⟩ ⟨(↑(blockIndex12 a b) - 1328) % 16, ⋯⟩
              else
                if ↑(blockIndex12 a b) < 1840 then
                  Family06.countCode ⟨(↑(blockIndex12 a b) - 1584) / 16 % 16, ⋯⟩ ⟨(↑(blockIndex12 a b) - 1584) % 16, ⋯⟩
                else
                  if ↑(blockIndex12 a b) < 2096 then
                    Family07.countCode ⟨(↑(blockIndex12 a b) - 1840) / 16 % 16, ⋯⟩
                      ⟨(↑(blockIndex12 a b) - 1840) % 16, ⋯⟩
                  else
                    if ↑(blockIndex12 a b) < 2352 then
                      Family08.countCode ⟨(↑(blockIndex12 a b) - 2096) / 16 % 16, ⋯⟩
                        ⟨(↑(blockIndex12 a b) - 2096) % 16, ⋯⟩
                    else
                      if ↑(blockIndex12 a b) < 2608 then
                        Family09.countCode ⟨(↑(blockIndex12 a b) - 2352) / 16 % 16, ⋯⟩
                          ⟨(↑(blockIndex12 a b) - 2352) % 16, ⋯⟩
                      else
                        if ↑(blockIndex12 a b) < 2864 then
                          Family10.countCode ⟨(↑(blockIndex12 a b) - 2608) / 16 % 16, ⋯⟩
                            ⟨(↑(blockIndex12 a b) - 2608) % 16, ⋯⟩
                        else
                          if ↑(blockIndex12 a b) < 3120 then
                            Family11.countCode ⟨(↑(blockIndex12 a b) - 2864) / 16 % 16, ⋯⟩
                              ⟨(↑(blockIndex12 a b) - 2864) % 16, ⋯⟩
                          else
                            if ↑(blockIndex12 a b) < 3376 then
                              Family12.countCode ⟨(↑(blockIndex12 a b) - 3120) / 16 % 16, ⋯⟩
                                ⟨(↑(blockIndex12 a b) - 3120) % 16, ⋯⟩
                            else
                              Family13.countCode ⟨(↑(blockIndex12 a b) - 3376) / 16 % 16, ⋯⟩
                                ⟨(↑(blockIndex12 a b) - 3376) % 16, ⋯⟩) =
    Family12.countCode a b

Note: The full type of `congrArg₂ Family12.countCode` is
  ?m.28 = ?m.29 → ?m.30 = ?m.31 → Family12.countCode ?m.28 ?m.30 = Family12.countCode ?m.29 ?m.31

case neg
a b : Fin 16
h✝ : ¬↑(blockIndex12 a b) < 16
⊢ (if ↑(blockIndex12 a b) < 16 then
      Family00.countCode ⟨(↑(blockIndex12 a b) - 0) / 4 % 4, ⋯⟩ ⟨(↑(blockIndex12 a b) - 0) % 4, ⋯⟩
    else
      if ↑(blockIndex12 a b) < 416 then
        Family01.countCode ⟨(↑(blockIndex12 a b) - 16) / 20 % 20, ⋯⟩ ⟨(↑(blockIndex12 a b) - 16) % 20, ⋯⟩
      else
        if ↑(blockIndex12 a b) < 816 then
          Family02.countCode ⟨(↑(blockIndex12 a b) - 416) / 20 % 20, ⋯⟩ ⟨(↑(blockIndex12 a b) - 416) % 20, ⋯⟩
        else
          if ↑(blockIndex12 a b) < 1072 then
            Family03.countCode ⟨(↑(blockIndex12 a b) - 816) / 16 % 16, ⋯⟩ ⟨(↑(blockIndex12 a b) - 816) % 16, ⋯⟩
          else
            if ↑(blockIndex12 a b) < 1328 then
              Family04.countCode ⟨(↑(blockIndex12 a b) - 1072) / 16 % 16, ⋯⟩ ⟨(↑(blockIndex12 a b) - 1072) % 16, ⋯⟩
            else
              if ↑(blockIndex12 a b) < 1584 then
                Family05.countCode ⟨(↑(blockIndex12 a b) - 1328) / 16 % 16, ⋯⟩ ⟨(↑(blockIndex12 a b) - 1328) % 16, ⋯⟩
              else
                if ↑(blockIndex12 a b) < 1840 then
                  Family06.countCode ⟨(↑(blockIndex12 a b) - 1584) / 16 % 16, ⋯⟩ ⟨(↑(blockIndex12 a b) - 1584) % 16, ⋯⟩
                else
                  if ↑(blockIndex12 a b) < 2096 then
                    Family07.countCode ⟨(↑(blockIndex12 a b) - 1840) / 16 % 16, ⋯⟩
                      ⟨(↑(blockIndex12 a b) - 1840) % 16, ⋯⟩
                  else
                    if ↑(blockIndex12 a b) < 2352 then
                      Family08.countCode ⟨(↑(blockIndex12 a b) - 2096) / 16 % 16, ⋯⟩
                        ⟨(↑(blockIndex12 a b) - 2096) % 16, ⋯⟩
                    else
                      if ↑(blockIndex12 a b) < 2608 then
                        Family09.countCode ⟨(↑(blockIndex12 a b) - 2352) / 16 % 16, ⋯⟩
                          ⟨(↑(blockIndex12 a b) - 2352) % 16, ⋯⟩
                      else
                        if ↑(blockIndex12 a b) < 2864 then
                          Family10.countCode ⟨(↑(blockIndex12 a b) - 2608) / 16 % 16, ⋯⟩
                            ⟨(↑(blockIndex12 a b) - 2608) % 16, ⋯⟩
                        else
                          if ↑(blockIndex12 a b) < 3120 then
                            Family11.countCode ⟨(↑(blockIndex12 a b) - 2864) / 16 % 16, ⋯⟩
                              ⟨(↑(blockIndex12 a b) - 2864) % 16, ⋯⟩
                          else
                            if ↑(blockIndex12 a b) < 3376 then
                              Family12.countCode ⟨(↑(blockIndex12 a b) - 3120) / 16 % 16, ⋯⟩
                                ⟨(↑(blockIndex12 a b) - 3120) % 16, ⋯⟩
                            else
                              Family13.countCode ⟨(↑(blockIndex12 a b) - 3376) / 16 % 16, ⋯⟩
                                ⟨(↑(blockIndex12 a b) - 3376) % 16, ⋯⟩) =
    Family12.countCode a b
Taeyoung\Methods\RootedSOS\Induced\Six\FlatBlocks.lean:255:54: warning: Used `tac1 <;> tac2` where `(tac1; tac2)` would suffice

Note: This linter can be disabled with `set_option linter.unnecessarySeqFocus false`
Taeyoung\Methods\RootedSOS\Induced\Six\FlatBlocks.lean:259:2: error: `simp` failed: maximum number of steps exceeded
Taeyoung\Methods\RootedSOS\Induced\Six\FlatBlocks.lean:259:2: error: `simp` failed: maximum number of steps exceeded
Taeyoung\Methods\RootedSOS\Induced\Six\FlatBlocks.lean:261:2: error: Tactic `apply` failed: could not unify the conclusion of `congrArg₂ Family13.countCode`
  Family13.countCode ?m.28 ?m.30 = Family13.countCode ?m.29 ?m.31
with the goal
  (if ↑(blockIndex13 a b) < 16 then
      Family00.countCode ⟨(↑(blockIndex13 a b) - 0) / 4 % 4, ⋯⟩ ⟨(↑(blockIndex13 a b) - 0) % 4, ⋯⟩
    else
      if ↑(blockIndex13 a b) < 416 then
        Family01.countCode ⟨(↑(blockIndex13 a b) - 16) / 20 % 20, ⋯⟩ ⟨(↑(blockIndex13 a b) - 16) % 20, ⋯⟩
      else
        if ↑(blockIndex13 a b) < 816 then
          Family02.countCode ⟨(↑(blockIndex13 a b) - 416) / 20 % 20, ⋯⟩ ⟨(↑(blockIndex13 a b) - 416) % 20, ⋯⟩
        else
          if ↑(blockIndex13 a b) < 1072 then
            Family03.countCode ⟨(↑(blockIndex13 a b) - 816) / 16 % 16, ⋯⟩ ⟨(↑(blockIndex13 a b) - 816) % 16, ⋯⟩
          else
            if ↑(blockIndex13 a b) < 1328 then
              Family04.countCode ⟨(↑(blockIndex13 a b) - 1072) / 16 % 16, ⋯⟩ ⟨(↑(blockIndex13 a b) - 1072) % 16, ⋯⟩
            else
              if ↑(blockIndex13 a b) < 1584 then
                Family05.countCode ⟨(↑(blockIndex13 a b) - 1328) / 16 % 16, ⋯⟩ ⟨(↑(blockIndex13 a b) - 1328) % 16, ⋯⟩
              else
                if ↑(blockIndex13 a b) < 1840 then
                  Family06.countCode ⟨(↑(blockIndex13 a b) - 1584) / 16 % 16, ⋯⟩ ⟨(↑(blockIndex13 a b) - 1584) % 16, ⋯⟩
                else
                  if ↑(blockIndex13 a b) < 2096 then
                    Family07.countCode ⟨(↑(blockIndex13 a b) - 1840) / 16 % 16, ⋯⟩
                      ⟨(↑(blockIndex13 a b) - 1840) % 16, ⋯⟩
                  else
                    if ↑(blockIndex13 a b) < 2352 then
                      Family08.countCode ⟨(↑(blockIndex13 a b) - 2096) / 16 % 16, ⋯⟩
                        ⟨(↑(blockIndex13 a b) - 2096) % 16, ⋯⟩
                    else
                      if ↑(blockIndex13 a b) < 2608 then
                        Family09.countCode ⟨(↑(blockIndex13 a b) - 2352) / 16 % 16, ⋯⟩
                          ⟨(↑(blockIndex13 a b) - 2352) % 16, ⋯⟩
                      else
                        if ↑(blockIndex13 a b) < 2864 then
                          Family10.countCode ⟨(↑(blockIndex13 a b) - 2608) / 16 % 16, ⋯⟩
                            ⟨(↑(blockIndex13 a b) - 2608) % 16, ⋯⟩
                        else
                          if ↑(blockIndex13 a b) < 3120 then
                            Family11.countCode ⟨(↑(blockIndex13 a b) - 2864) / 16 % 16, ⋯⟩
                              ⟨(↑(blockIndex13 a b) - 2864) % 16, ⋯⟩
                          else
                            if ↑(blockIndex13 a b) < 3376 then
                              Family12.countCode ⟨(↑(blockIndex13 a b) - 3120) / 16 % 16, ⋯⟩
                                ⟨(↑(blockIndex13 a b) - 3120) % 16, ⋯⟩
                            else
                              Family13.countCode ⟨(↑(blockIndex13 a b) - 3376) / 16 % 16, ⋯⟩
                                ⟨(↑(blockIndex13 a b) - 3376) % 16, ⋯⟩) =
    Family13.countCode a b

Note: The full type of `congrArg₂ Family13.countCode` is
  ?m.28 = ?m.29 → ?m.30 = ?m.31 → Family13.countCode ?m.28 ?m.30 = Family13.countCode ?m.29 ?m.31

case neg
a b : Fin 16
h✝ : ¬↑(blockIndex13 a b) < 16
⊢ (if ↑(blockIndex13 a b) < 16 then
      Family00.countCode ⟨(↑(blockIndex13 a b) - 0) / 4 % 4, ⋯⟩ ⟨(↑(blockIndex13 a b) - 0) % 4, ⋯⟩
    else
      if ↑(blockIndex13 a b) < 416 then
        Family01.countCode ⟨(↑(blockIndex13 a b) - 16) / 20 % 20, ⋯⟩ ⟨(↑(blockIndex13 a b) - 16) % 20, ⋯⟩
      else
        if ↑(blockIndex13 a b) < 816 then
          Family02.countCode ⟨(↑(blockIndex13 a b) - 416) / 20 % 20, ⋯⟩ ⟨(↑(blockIndex13 a b) - 416) % 20, ⋯⟩
        else
          if ↑(blockIndex13 a b) < 1072 then
            Family03.countCode ⟨(↑(blockIndex13 a b) - 816) / 16 % 16, ⋯⟩ ⟨(↑(blockIndex13 a b) - 816) % 16, ⋯⟩
          else
            if ↑(blockIndex13 a b) < 1328 then
              Family04.countCode ⟨(↑(blockIndex13 a b) - 1072) / 16 % 16, ⋯⟩ ⟨(↑(blockIndex13 a b) - 1072) % 16, ⋯⟩
            else
              if ↑(blockIndex13 a b) < 1584 then
                Family05.countCode ⟨(↑(blockIndex13 a b) - 1328) / 16 % 16, ⋯⟩ ⟨(↑(blockIndex13 a b) - 1328) % 16, ⋯⟩
              else
                if ↑(blockIndex13 a b) < 1840 then
                  Family06.countCode ⟨(↑(blockIndex13 a b) - 1584) / 16 % 16, ⋯⟩ ⟨(↑(blockIndex13 a b) - 1584) % 16, ⋯⟩
                else
                  if ↑(blockIndex13 a b) < 2096 then
                    Family07.countCode ⟨(↑(blockIndex13 a b) - 1840) / 16 % 16, ⋯⟩
                      ⟨(↑(blockIndex13 a b) - 1840) % 16, ⋯⟩
                  else
                    if ↑(blockIndex13 a b) < 2352 then
                      Family08.countCode ⟨(↑(blockIndex13 a b) - 2096) / 16 % 16, ⋯⟩
                        ⟨(↑(blockIndex13 a b) - 2096) % 16, ⋯⟩
                    else
                      if ↑(blockIndex13 a b) < 2608 then
                        Family09.countCode ⟨(↑(blockIndex13 a b) - 2352) / 16 % 16, ⋯⟩
                          ⟨(↑(blockIndex13 a b) - 2352) % 16, ⋯⟩
                      else
                        if ↑(blockIndex13 a b) < 2864 then
                          Family10.countCode ⟨(↑(blockIndex13 a b) - 2608) / 16 % 16, ⋯⟩
                            ⟨(↑(blockIndex13 a b) - 2608) % 16, ⋯⟩
                        else
                          if ↑(blockIndex13 a b) < 3120 then
                            Family11.countCode ⟨(↑(blockIndex13 a b) - 2864) / 16 % 16, ⋯⟩
                              ⟨(↑(blockIndex13 a b) - 2864) % 16, ⋯⟩
                          else
                            if ↑(blockIndex13 a b) < 3376 then
                              Family12.countCode ⟨(↑(blockIndex13 a b) - 3120) / 16 % 16, ⋯⟩
                                ⟨(↑(blockIndex13 a b) - 3120) % 16, ⋯⟩
                            else
                              Family13.countCode ⟨(↑(blockIndex13 a b) - 3376) / 16 % 16, ⋯⟩
                                ⟨(↑(blockIndex13 a b) - 3376) % 16, ⋯⟩) =
    Family13.countCode a b
Taeyoung\Methods\RootedSOS\Induced\Six\FlatBlocks.lean:282:14: warning: declaration uses `sorry`
Taeyoung\Methods\RootedSOS\Induced\Six\FlatBlocks.lean:282:28: warning: declaration uses `sorry`
Taeyoung\Methods\RootedSOS\Induced\Six\FlatBlocks.lean:282:42: warning: declaration uses `sorry`
Taeyoung\Methods\RootedSOS\Induced\Six\FlatBlocks.lean:282:56: warning: declaration uses `sorry`
Taeyoung\Methods\RootedSOS\Induced\Six\FlatBlocks.lean:282:70: warning: declaration uses `sorry`
Taeyoung\Methods\RootedSOS\Induced\Six\FlatBlocks.lean:282:84: warning: declaration uses `sorry`
Taeyoung\Methods\RootedSOS\Induced\Six\FlatBlocks.lean:282:98: warning: declaration uses `sorry`
Taeyoung\Methods\RootedSOS\Induced\Six\FlatBlocks.lean:282:112: warning: declaration uses `sorry`
Taeyoung\Methods\RootedSOS\Induced\Six\FlatBlocks.lean:282:126: warning: declaration uses `sorry`
Taeyoung\Methods\RootedSOS\Induced\Six\FlatBlocks.lean:282:140: warning: declaration uses `sorry`
Taeyoung\Methods\RootedSOS\Induced\Six\FlatBlocks.lean:282:154: warning: declaration uses `sorry`
Taeyoung\Methods\RootedSOS\Induced\Six\FlatBlocks.lean:282:168: warning: declaration uses `sorry`
Taeyoung\Methods\RootedSOS\Induced\Six\FlatBlocks.lean:282:182: warning: declaration uses `sorry`
Taeyoung\Methods\RootedSOS\Induced\Six\FlatBlocks.lean:266:8: warning: declaration uses `sorry`
'Taeyoung.Methods.RootedSOS.Induced.Six.sum_all_blocks' depends on axioms: [propext,
 sorryAx,
 Classical.choice,
 Quot.sound]
